compound,flashpoint
(4-bromophenyl)urea,129.7
[dimethyl(trimethylsilyloxy)silyl]oxy-dimethyl-trimethylsilyloxysilane,88.1
"1,1,3,3-tetraethylurea",87
"1,1,3-trimethylurea",94.4
"1,2-dihydroAcenaphthalene120oC",120
"1,2-Dithiolane-3-pentanamide (9CI)",195.2
"1,3-Benzenedisulfonamide, 4,5-dichloro-",310.9
"1,3-diethylurea",121.1
"1,3-dimethyl-1,3-diphenylurea",142.6
"1,3-dipropylurea",122.3
"1,4-Oxathiin-3-carboxamide, 5,6-dihydro-2-methyl-N-phenyl-",208.2
"1,4-Oxathiin-3-carboxamide, 5,6-dihydro-2-methyl-N-phenyl-, 4,4-dioxid",272.9
110decanediol152oC,152
1112tetrachloroethane,46.85
111trichloroethane,-1.15
111trifluoropropylTrichloroSilane15oC,15
112trichloroethane,31.85
11333pentakisDimethylaminoDiphosphazeneCAS91241122flashp168oC,168
1133tetramethylDisiloxane-22oC,-22
11bicyclohexyl74oC,74
11biphenyl44diamine248oC,248
11biphenyl4amine153oC,153
11dichloroethane,-6.15
11dichloroethylene,-25.15
11dichloropropane,6.85
11diethoxyethane,-21.15
11dimethoxyethane,-17.15
11dimethyl1sila2oxacyclohexane14oC,14
11ethanediolDiacetate64oC,64
11iminobis2propranol124oC,124
11oxybisbenzene96oC,96
1234tetrahydronaphthalene119642,76.85
1234tetramethylBenzene68oC,68
1235tetraethylBenzene103oC,103
1235tetramethylbenzene63oC,63
123benzenetriol185oC,185
123butanetriol201oC,201
123propanetriol160oC,160
123propanetriolTriacetate138oC,138
123trichloroBenzene113oC,113
123triethylBenzene79oC,79
123trimethyl1Hindene87oC,87
123trimethylbenzene,47.85
1245benzenetetracarboxylicAcid324oC,324
124butanetriol167oC,167
124trichloroBenzene106oC,106
124triethylBenzene80oC,80
124trimethylbenzene,47.85
12benzendiol127oC,127
12benzenediamine156oC,156
12benzenedicarboxylicAcid204oC,204
12butanediol,92.85
12cyclohexanedione,83.85
12dibromoethyltrichlorosilane65oC,65
12dichloro4nitroBenzene123oC,123
12dichlorobenzene,66.85
12dichlorobutane,25.85
12dichloroethane,12.85
12dichloropropane,15.85
12diethoxyethane629141,35
12diethylBenzene57oC,57
12dimethoxyethane110714,-1.7
12dimethyl3propylBenzene72oC,72
12dimethylbenzene,31.85
12dimethylcyclohexane,14.85
12dinitro4methylBenzene180oC,180
12dinitroBenzene150oC,150
12ethanediamine,33.85
12ethanediol,110.85
12ethanediolDiacetate88oC,88
12ethanedithiol,49.85
12hexadiene-20oC,-20
12pentadiene-40oC,-40
12propadiene,-101.15
12propanediamine,32.85
12propanediol,106.85
1357cyclooctatetraene,21.85
1357tetramethylCyclotetrasiloxane31oC,31
135triazine246triamine297oC,297
135trichloroBenzene127oC,127
135trimethylBenzene44oC,44
135trioxane45oC,45
13benzendiol127oC,127
13benzenediamine138oC,138
13bis1methylethylBenzene77oC,77
13butadiene,-76.15
13butanediol107880,120.85
13cyclohexadiene,25.85
13cyclopentadiene,24.85
13dibromoBenzene93oC,93
13dichloro2butene27oC,27
13dichloro2propanol85oC,85
13dichloroBenzene72oC,72
13dichloropropane,19.85
13dichloroTetramethylDisiloxane15oC,15
13diethenylBenzene65oC,65
13diethylBenzene56oC,56
13diisopropylbenzene99627,75.85
13dimethyl3phenylUreaCAS101428flash153,153
13dimethylBenzene25oC,25
13dimethylbutylamine108098,12.8
13dimethylcyclohexane,4.85
13dinitroBenzene150oC,150
13dioxane1oC,1
13dioxolane646060,1.85
13divinylTetramethylDisilazane34oC,34
13hexadieneFP-19oC,-19
13isobenzofurandione152oC,152
13pentadiene-42oC,-42
13propanediamine,47.85
13propanediol,130.85
14benzenediamine156oC,156
14benzenedicarboxaldehyde121oC,121
14benzenedicarboxylicacid260oC,260
14benzenediol165oC,165
14bis1methylethylBenzene81oC,81
14butanediol142621,121.1
14cyclohexadiene,-6.15
14cyclohexanedimethanol161oC,161
14diazabicyclo222octane62oC,62
14dichloro2butene53oC,53
14dichlorobenzene66oC,66
14dichlorobutane,39.85
14dicyanobutane111693,158.85
14diethylbenzene,55.85
14diisopropylbenzene100185,75.85
14dimethylbenzene,24.85
14dimethylcyclohexane,9.85
14dinitroBenzene160oC,160
14dioxane123911,12
14divinylTetramethylDisilylEthane40oC,40
14hexadiene592450,-21
14pentadiene,3.85
14thioxane15980151,42.2
159cyclododecatriene87oC,87
15cyclooctadiene,31.85
15dichloropentane,25.85
15hexadiene,-27.15
15pentanediamine62oC,62
15pentanediol,128.85
15pentanedithiol,94.85
16heptadiene,-10.15
16heptadiyne2396636,8.85
16hexanediamine93oC,93
16hexanediol,146.85
17octadiene,8.85
17octadiyne,22.85
18nonadiene,25.85
18nonadiyne,40.85
19decadiene43oC,43
1amino2propanol78966,77.2
"1-Aziridineacetamide, N,N'-1,8-octanediylbis- (9CI)",287.3
1bromo4methylBenzene85oC,85
1bromobutane109659,23.9
1bromoheptane629049,60.6
1bromohexane111251,57.2
1bromooctane111831,78.3
1bromopentane110532,31
1bromopropane106945,25
1bromovinylTrimethylSilane15oC,15
1butanethiol109795,1.7
1butanol71363,29
1butene,-80.15
1butyne-63oC,-63
1chloro24dinitrobenzene97007,194
1chloro2methylBenzene51oC,51
1chloro2methylpropane,20.85
1chloro2nitroBenzene127oC,127
1chloro3nitroBenzene127oC,127
1chloro4ethylbenzene622980,64
1chloro4methylBenzene52oC,52
1chloro4nitroBenzene127oC,127
1chlorobutane,-6.15
1chloroethyltrichlorosilane15oC,15
1chloroheptane,40.85
1chlorohexane544105,35
1chlorononamethylTetrasiloxane74oC,74
1chlorononane,73.85
1chlorooctane111853,70
1chloropentane,40.85
1chloropropane,-18.15
1cyclopropylethanone,12.85
1decanamine,85.85
1decanethiol,97.85
1decanol112301,82
1decene,47
1decyne,49.85
1dodecanal101oC,101
1dodecanamine109oC,109
1dodecanethiol112550,87.8
1dodecanol,126.85
1dodecene,76.85
1eicosanol194oC,194
1eicosene167oC,167
1ethenyl2ethylBenzene58oC,58
1ethenyl2methyl47oC,47
1ethenyl3ethylBenzene60oC,60
1ethenyl3methylBenzene51oC,51
1ethenyl4ethylBenzene61oC,61
1ethenyl4methylBenzene46oC,46
1ethoxy2propanol42oC,42
1ethoxy2propanolAcetate54oC,54
1ethoxybutane,-5.15
1ethyl1methylcyclopentane,5.85
1ethyl23dimethylBenzene65oC,65
1ethyl24dimethylBenzene57oC,57
1ethyl2methylBenzene39oC,39
1ethyl35dimethylbenzene53oC,53
1ethyl3methylBenzene38oC,38
1ethyl4methylBenzene36oC,36
1ethylpiperidine,17.85
1fluoroheptane,12.85
1heptadecanol168oC,168
1heptadecene135oC,135
1heptanamine35oC,35
1heptanethiol1639094,41
1heptanol111706,73
1heptene,-8.15
1heptyne,-2.15
1heptynylTrimethylSilane42oC,42
1hexadecanol154oC,154
1hexadecene,131.85
1hexanethiol111319,20.6
"1-Hexanol, 2-ethyl-, dihydrogen phosphate (7CI)",148.4
1hexanol11273,60
1hexene,-26.15
1hexenylTrichloroSilane60oC,60
1hexyne,-20.15
"1H-Imidazole-4-carboxamide, 5-(3,3-bis(2-chloroethyl)-1-triazenyl)- (9",204.9
"1H-Imidazole-4-carboxamide, 5-(3,3-dimethyl-1-triazenyl)-",229.7
1Hindene55oC,55
1Hpyrazole82oC,82
1iodo3methylbenzene,81.85
1iodobutane542698,33
1iodoheptane4282400,78.9
1iodohexane638459,61
1iodopentane,42.85
1isopropoxy2propanol36oC,36
1methoxy2propaneamine8oC,8
1methoxy2propanol,37.85
1methoxy2propanol32oC,32
1methoxy2propanone20oC,20
1methoxy2propoxyTrimethylSilane20oC,20
1methoxybutane,-10.15
1methyl1Hindene65oC,65
1-Methyl-1-phenylthiourea,115.3
1methyl24dinitroBenzene207oC,207
1methyl2nitroBenzene106oC,106
1methyl2propylBenzene53oC,53
1methyl2pyrrolidinone,85.85
1methyl35dinitroBenzene170oC,170
1methyl3nitroBenzene102oC,102
1methyl3propylBenzene52oC,52
1methyl4nitroBenzene106oC,106
1methylcyclohexene,-3.15
1methylcyclopentene,-17.15
1methylethylBenzene31oC,31
1methylnaphthalene,81.85
1methylpropylBenzene52oC,52
1methylpropylCyclohexane46o,46
1methylpyrrole,14.85
1methylpyrrolidine,-18.15
"1-Naphthaleneacetamide, alpha-(2-(dimethylamino)ethyl)-alpha-isopropyl",245.7
1nitroaphtalene86577,164
1nitropropane108032,35.6
1nonadecanol185oC,185
1nonadecene157oC,157
1nonanamine62oC,62
1nonanethiol78oC,78
1nonanol143088,75
1nonyne33oC,33
1octadecanol177oC,177
1octadecene,147.85
1octanal124130,52
1octanethiol111886,68
1octanol111875,81
1octene,12.85
1octyne-14oC,-14
1pentadecanol151oC,151
1pentadecene112oC,112
1pentanethiol110667,18.3
1pentanol71410,33
1pentene,-0.15
1pentene3yne-30oC,-30
1pentene4yne-44oC,-44
1pentyne,-34.15
1phenyl1butanone,87.85
1phenylheptane1078713,95
1phenylhexane1077163,83
1phenyloctane2189608,107
"1-Piperazineacetamide, 4-(4,4-bis(4-fluorophenyl)butyl)-N-(2,6-dimethy",336.4
1piperazineEthanamine93oC,93
1piperazineEthanol124oC,124
1propanesulfonylchloride80oC,80
1propanethiol107039,-20.6
"1-Propanol, 2,3-dibromo-, hydrogen phosphate (ester)",230.6
"1-Propanol, 2,3-dibromo-, phosphate (3:1)",282.9
"1-Propanol, 2-chloro-, hydrogen phosphate, ester with 3-chloro-7-hydro",451.5
"1-Propanol, 2-chloro-, hydrogen phosphate, ester with 3-chloro-7-hydro",451.5
"1-Propanol, 2-chloro-, phosphate (3:1)",249.7
1propanol18oC,18
1propene2olAcetate10oC,10
1propoxy2propanol48oC,48
1propranol71238,15
1propyne-88oC,-88
1tertButyl222tri1pyrrolidinylPhosphazene200oC,200
1tertButyl4ethylBenzene70oC,70
1tetradecaneAmine133oC,133
1tetradecanol143oC,143
1tetradecene1120361,110
1triacontene244oC,244
"1-Triazene-1-carbothioamide, 3-(3,4-dichlorophenyl)- (9CI)",169.1
1tridecanol121oC,121
1tridecene,79.85
1trimethylsiloxy13butadiene25oC,25
1trimethylsilylpropyne-3oC,-3
1undecanethiol108oC,108
1undecanol115oC,115
1undecene54oC,54
1undecyne,64.85
2-(1-Naphthyl)acetamide,208.2
"2,2,2-trichloroacetamide",88.5
"2,2,2-trifluoroacetamide",52.1
"2,4,11,13-Tetraazatetradecanediimidamide, N,N''-bis(4-chlorophenyl)-3,",376.7
222trifluoroAcetamide87oC,87
223trimethylbutane,-6.15
224trimethyl13pentanediol110oC,110
224trimethylpentane540841,-12
22aminoethylaminoethanol111411,129
22dichlorodiethylether111444,55
22dichloropropane,-5.15
22dimethyl13propanediol,106.85
22dimethyl1propanol75843,37
22dimethyl3ethylpentane13oC,13
22dimethylbutane75832,-48
22dimethylpropane,-65.15
22dimethylpropanenitrile,3.85
22ethoxyethoxyethanol111900,94
22iminobisAcetonitrile140oC,140
233trimethyl1butene-17oC,-17
234epoxycyclohexylEthylTrimethoxySilane146oC,146
23butanediol,84.85
23butanedione431038,26.7
23dichloro1propanol616239,93.3
23dihydro1Hindene48,48
23dihydro5methylfuran,-12.15
23dihydrofuran,-24.15
23dimethyl13butadiene,-22.15
23dimethyl1butene,-18.15
23dimethyl23butanediol,76.85
23dimethyl2butene,-16.15
23dimethylaniline87592,97
23dimethylbutane79298,-29
23dimethylheptane,89.85
23dimethylhexane,-3.15
23dimethyloxirane3266237,-15
23dimethylpentane,-6.15
23dimethylphenol,94.85
23pentadiene-37oC,-37
244trimethyl1pentene107391,-5
244trimethyl2pentanethiol31oC,31
244trimethyl2pentene,1.85
246trimethylpyridine,56.85
24dichlorophenol120832,113.9
24dimethyl3ethylpentane15oC,15
24dimethyl3pentanone15oC,15
24dimethylpentane108087,-12.2
24dimethylphenol,93.85
24dimethylpyridine108474,37.2
24hexadiene-7oC,-7
24pentadienylTrimethylSilane18oC,18
24pentanediol101oC,101
24pentanedione123546,34
25811tetraoxadodecane110oC,110
25dihydrofuran-16oC,-16
25dimethoxy25dihydrofuran,50.85
25dimethoxychlorobenzene2100427,117.2
25dimethyl15hexadiene7oC,7
25dimethyl24hexadiene,28.85
25dimethylphenol,94.85
25furandione102oC,102
25hexanediol2935446,110
25hexanedione110134,79
25norbornadiene,-11.15
25pyrrolidinedione179oC,179
268trimethyl4nonanone83oC,83
26diethylbenzenamine123oC,123
26dimethyl4heptanol66oC,66
26dimethyl4heptanone108838,49
26dimethylphenol,72.85
2amino2methyl1propanol124685,67.2
"2-Benzofurancarboxamide, 5-(1-piperidinylmethyl)- (9CI)",222.2
"2-Benzothiazolesulfenamide, N,N-bis(1-methylethyl)-",164.5
"2-Benzothiazolesulfenamide, N-cyclohexyl-",202
2biphenylyl2chloroethylether,160
2bromo11dimethoxyethane,52.85
2-Bromo-2-methyl-N-phenylpropanamide,169.3
"2-Bromo-3,3-dimethyl-N-phenylbutanamide",179.9
2bromobutane,20.85
2bromoethyltrichlorosilane40oC,40
2-Bromo-N-(4-methylphenyl)acetamide,168.7
2-Bromo-N-phenylacetamide,167.4
2bromopropane,0.85
2bromovinylTrimethylSilane15oC,15
2butanethiol,-23.15
2butanol78922,24
2butanone78933,-9
2buten1olAcetate30oC,30
2butenal,12.85
"2-Butenamide, N-ethyl-N-(2-methylphenyl)-",115.5
2butene14diol128oC,128
2buteneDinitrile116oC,116
2butenedioicAcid198oC,198
2butenenitrile,19.85
2butoxyethnol111762,65.6
2butoxyethylacetate112072,71
2butoxyethylsalicylate,157.2
2butyl1decanol149oC,149
2butyl1nonanol131oC,131
2butyl1octanol3913028,110
2butyne14diol152oC,152
2butyne-49oC,-49
2carene,155
2chloro13butadiene,-20.15
2chloro1propanol78897,51.7
2chloro1propene-34oC,-34
2chloro2methylpropane,17.85
2chloro4tpentylphenylMethylether,110
2chlorobenzenamine91oC,91
2chlorobenzotrifluororide88164,59
2chlorobutane78864,-15
2chloroethanol107073,60
2chloroethylacetate542585,66.1
2chloroethyltrichlorosilane28oC,28
2chloromethyl3trimethylsilyl1propene43oC,43
2chloropentane,-0.15
2chloropropane,-32.15
2chloropropionicAcid598787,107.2
2chloropyridine,65.85
2chlorotoluene95498,42.85
2cyanoethylMethylDichloroSilane60oC,60
2cyanoethylTriethoxySilane86oC,86
2cyclohexen1one930687,34
2decene47oC,47
2dimethylaminoethanol,39.85
2dodecene78oC,78
2ethoxy2methylpropane,-19.15
2ethoxyethanol110805,43.3
2ethoxyethylacetate111159,47.2
2ethyl13dimethylbenzene58oC,58
2ethyl14dimethylBenzene56oC,56
2ethyl1butanol,56.85
2ethyl1butanol57oC,57
2ethyl1butene,-26.15
2ethyl1hexanamine,49.85
2ethyl1hexanol104767,73
2ethyl1pentene-10oC,-10
2ethyl2hexenal68oC,68
2ethylbenzenamine91oC,91
2ethylbutanal,20.85
2ethylbutyricacid,86.85
2ethylhexanal123057,44
2ethylhexanol,72.85
2ethylhexylacetate103093,71
2ethylhexylacrylate103117,85.85
2ethyloxazoline,28.85
2fluoro2methylpropane353617,-12.2
"2-Furanacetamide, alpha-((5-nitro-2-furanyl)methylene)- (9CI)",231.8
"2-Furanacrylamide, N-ethyl-5-nitro-",208.9
2furancarboxaldehyde60oC,60
"2-Furancarboximidamide, N-hydroxy-5-nitro-",192.2
"2H-1,2,4-Benzothiadiazine-7-sulfonamide, 6-chloro-, 1,1-dioxide",322
"2H-1,2,4-Benzothiadiazine-7-sulfonamide, 6-chloro-3-ethyl-3,4-dihydro-",294.6
"2H-1-Benzothiopyran-7-sulfonamide, 3,4-dihydro-6-methyl-, 1,1-dioxide",285.9
2heptanol,70.85
2heptanone110430,47
2hexanol626937,57.8
2hexanone591786,35
2hexene,-21.15
2hexyne,-11.15
2hydroxy3butenenitrile93oC,93
2iodobutane513484,28
2iodotoluene615372,90
2isopropoxyethanol,42.85
2isopropylbiphenyl19486603,140.6
2mercapoethanol,72.85
2methoxy1propanol36oC,36
2methoxybutane,-30.15
2methoxyethanol109864,39
2methoxyethylacetate110496,49
2methyl13benzenediamine146oC,146
2methyl13butendiene,-48.15
2methyl13dinitroBenzene144oC,144
2methyl13dioxolane,-2.15
2methyl13pentadiene-20oC,-20
2methyl13pentanediol121oC,121
2methyl13propanediol113oC,113
2methyl14dinitroBenzene165oC,165
2methyl1butanethiol,18.85
2methyl1butanol,42.85
2methyl1butene,-34.15
2methyl1butene3yne-52oC,-52
2methyl1dodecanol131oC,131
2methyl1heptene,9.85
2methyl1hexanol60oC,60
2methyl1hexene,-6.15
2methyl1Hindene71oC,71
2methyl1pentanol,49.85
2methyl1pentene,-26.15
2methyl1propanal,-25.15
2methyl1propanethiol-9oC,-9
2methyl1propanol,27.85
2methyl1tridecanol149oC,149
2methyl1undecanol119oC,119
2methyl24pentanediol93oC,93
2methyl2butanol,20.85
2methyl2butene,-45.15
2methyl2heptene,7.85
2methyl2pentenal31oC,31
2methyl2pentene,-23.15
2methyl2propanethiol,-26.15
2methyl2propen1ol513428,33.3
2methyl2propenal,-15.15
2methyl2propenamide103oC,103
2methyl2propenoicAcid67oC,67
2methyl3pentanol,45.85
2methyl3pentanone,12.85
2methylallylchloride563473,-12
2methylaminoEthanol109831,73.9
2methylaziridine-10oC,-10
2methylbenzaldehyde67oC,67
2methylbenzenamine85oC,85
2methylbenzofuran67oC,67
2methylbutane,-51.15
2methylbutylAmine-16oC,-16
2methylbutyricacid,76.85
2methylcyclohexanol,57.85
2methylcyclohexanone,47.85
2methylfuran,-30.15
2methylheptane,3.85
2methylhexane,-3.15
2methylnaphthalene,96.85
2methylpentane,-23.15
2-methylpropanamide,87.7
2methylpropanoicacid,55.85
2methylpropylBenzene52oC,52
2methylpyridine109068,26
2methyltetrahydrofuran96479,-11.1
2methylthiophene,6.85
2methylvalericacid97610,91.1
2naphthol135193,153
2nitrobenzenamine168oC,168
2nitrobiphenyl86000,179
2nitropropane79469,24
2nonanol82oC,82
2nonanone821556,60
2norbornene,-15.15
2octanol123966,87.8
2octanone111137,62
2octene,13.85
2octyne,27.85
2oxolan2yloxolane89oC,89
2pentaneamine63493287,-6.7
2pentanethiol,8.85
2pentanol,39.85
2pentanone107879,7.2
2pentene-47oC,-47
2pentylacetate,31.85
2pentyne,-30.15
2phenoxyethanol122996,121.1
2phenylethanol60128,102
2phenylmethylBenzene129oC,129
2phenylphenol90437,123.9
2propanol67630,12
2propenal107028,-18.9
2-Propenamide,79
"2-Propenamide, 2-methyl-",81.7
"2-Propenamide, 3-(5,10,11,11a-tetrahydro-9,11-dihydroxy-8-methyl-5-oxo",365
"2-Propenamide, N-(1-methylethyl)-",119.7
"2-Propenamide, N-(2-hydroxyethyl)-3-phenyl-",219.5
"2-Propenamide, N-(3-(dimethylamino)propyl)-",127.8
"2-Propenamide, N-(butoxymethyl)-",123.9
"2-Propenamide, N-(hydroxymethyl)-",146.2
"2-Propenamide, N,N-diethyl- (9CI)",91.475
"2-Propenamide, N,N-dimethyl-",71.7
"2-Propenamide, N,N'-methylenebis-",215
"2-Propenamide, N-methyl-",103.6
2propene1ol,20.85
2propenenitrile0oC,0
2propenylAcetate22oC,22
2propenylcyclopentane,11.85
2propyn1ol,32.85
2-Pyrazinecarboxamide,169.9
"2-Pyridineacetamide, alpha-(2-(bis(1-methylethyl)amino)ethyl)-alpha-ph",259.4
2pyrrolidinone129oC,129
2tertbutyl4methylphenol,99.85
2tertbutyl6methylphenol,106.85
2tertbutylfuran,6.85
2undecanol,106.85
2undecanone,88.85
333trifluoro1propene-82oC,-82
33dimethyl1butene,-28.15
33dimethyl2butanone12oC,12
33dimethylbutanoicacid,87.85
33thiobis1propene46oC,46
34dichloro1butene28oC,28
34dichlorobenzenamine166oC,166
34dihydro2Hpyran110872,-18
355trimethyl1hexanol,78.85
3amino1propanol79oC,79
3bromo1trimethylsilyl1propyne62oC,62
3bromopropyltrichlorosilane88oC,88
3bromopropylTrimethoxySilane82oC,82
3buten1ol627270,37.8
3buten2olAcetate15oC,15
3butene2ol,19.85
3butenenitrile109751,21
3butoxypropylamine,62.85
3chloro12propanediol135oC,135
3chloro1propanethiol,42.85
3chloro1propanol,72.85
3chloro1propene-32oC,-32
3chloro2methyl1propene,-12.15
3chloro2methylpropylMethylDichloroSilane90oC,90
3-Chloro-4-methyl-2-oxo-2H-1-benzopyran-7-yl diethyl phosphate,347
3chlorobenzenamine105oC,105
3chloropropene,-29.15
3-chloropropyl(trimethyl)silane,30.5
3chloropropylDimethylChloroSilane40oC,40
3chloropropylMethylDichloroSilane86oC,86
3chloropropylMethylDimethoxySilane45oC,45
3chloropropylTriethoxySilane62oC,62
3chloropropylTrimethoxySilane78oC,78
3ethoxypropionaldehyde2806851,38
3ethoxypropionicacid4324383,107.2
3ethyl1heptanol90oC,90
3ethyl1hexene1oC,1
3ethyl1pentene-17oC,-17
3ethyl4methylhexane3074779,24
3ethylheptanal55oC,55
3ethylheptane22oC,22
3ethylhexane,5.85
3glycidoxypropylTrimethoxySilane110oC,110
3heptanone37oC,37
3hexanone,13.85
3hexenedinitrile145oC,145
3hexyne-17oC,-17
3hydroxypropanenitrile,128.85
3iodo1propene,17.85
3iodotoluene625956,82.2
3isopropoxypropionitrile110474,68.3
3methacryloxyPropylTrimethoxySilane92oC,92
3methoxypropylamine5332730,32.2
3methyl12butadiene-12oC,-12
3methyl13pentadiene,-28.15
3methyl14pentadiene-38oC,-38
3methyl1butanol,42.85
3methyl1butene,-56.15
3methyl1butyne-52oC,-52
3methyl1hexene-6oC,-6
3methyl1pentanol,57.85
3methyl1pentene,-28.15
3methyl25furandione101oC,101
3methyl2butanethiol,18.85
3methyl2butanol,38.85
3methyl2butanone,5.85
3methyl2pentanol,39.85
3methyl2pentanone,11.85
3methyl2pentene,-6.15
3methyl3buten2one21oC,21
3methyl3pentanol24oC,24
3methyl4ethylhexane,23.85
3methylbenzaldehyde78oC,78
3methylbenzenamine86oC,86
3methylbutanal-5oC,-5
3-methylbutanamide,94.1
3methylbutanoicacid,73.85
3methylbutylAcetate25oC,25
3methylcyclohexanol,61.85
3methylheptane,6.85
3methylhexane,-3.15
3methylpentane,-6.15
3methylstyrene,50.85
3methylthiophene616444,11
3methylthioPropionaldehyde3268493,61.1
3nitrobenzenamine199oC,199
3nonanone66oC,66
3octanol,64.85
3octanone,52.85
3pentanol,39.85
3pentanone,12.85
3phenyl2propenoic172oC,172
3picoline,39.85
3pyridinecarbonitrile84oC,84
3-Pyridinecarboxamide,156
3trimethylsilylCyclopentene26oC,26
4bromo1butene,8.85
4bromobiphenyl92660,143.9
4butylalcohol75650,11
4chlorobenzenamine113oC,113
4chlorophenol,114.85
4chlorophenylisocyanate103121,110
4chlorotoluene,48.85
4ethenyl13dioxolan2one97oC,97
4ethoxyBenzenamine116oC,116
4ethyl12dimethylbenzene58oC,58
4ethylphenol123079,103.9
4heptanone123193,49
4hydroxy4methyl2pentanone123422,58
4hydroxybenzaldehyde172oC,172
4hydroxymethylbenzoicAcid222oC,222
4-methoxybenzamide,161.5
4methyl13pentadiene926567,-34
4methyl1heptene2oC,2
4methyl1hexene-15oC,-15
4methyl1octanol85oC,85
4methyl1pentanol,50.85
4methyl1pentene,-31.15
4methyl2pentanol,40.85
4methyl2pentanone108101,18
4methyl2pentene-35oC,-35
4methyl3penten2one141797,31
4methylaniline,85.85
4methylbenzaldehyde80oC,80
4methylbenzenamine87oC,87
4methylcyclohexanol589913,70
4methylene2oxetanone34oC,34
4methylmorpholine109024,23.9
4methylnonane,37.85
4methylpyridine,36.85
4methylstyrene,44.85
4morpholinecarboxaldehyde113oC,113
4nitroBenzenamine199oC,199
4nonanone62oC,62
4octanone45oC,45
4octyne,17.85
"4-Pentenamide, 2,2-diethyl-",116.2
4phenylazobenzenamine193oC,193
4picoline,39.85
4-Pyridinecarboxamide,156
4tertButyl2methylphenol98271,117.8
4thiapentanal,57.85
4vinyl1cyclohexene100403,16.1
5chloro1pentyne,14.85
5decene,45.85
5ethylidene2norbornene,37.85
"5H-Dibenz(b,f)azepine-5-carboxamide",202.4
"5H-Dibenzo(a,d)cycloheptene-5-carboxamide, 10,11-dihydro-",219.2
5hexen1ol,46.85
5hexen2one23oC,23
5methyl1hexanol340oC,61.8
5methyl2hexanone110123,36
5methyl3heptanone,42.85
5nonanone,59.85
6amino1hexanol117oC,117
6-aminohexanamide,141.2
6methyl1octanol87oC,87
6methyl3heptanone45oC,45
"6-Nonenamide, 8-methyl-N-vanillyl-, (E)- (8CI)",263.1
6undecanone,87.85
7methyl1octene18oC,18
8methyl1nonanol104oC,104
8methyl1nonene43oC,43
910anthracenedione185oC,185
915octadecadienoicAcid194oC,197
9decen1ol,118.85
9Hfluorene133oC,133
"9-Octadecenamide, N,N-bis(2-hydroxyethyl)-, (9Z)-",271.7
9octadecenoicAcid189oC,189
Acenaphthalene118oC,118
Acetaldehyde75070,-27
Acetaldoxime,35.85
"Acetamide, 2-((1,2-dihydro-5,6,17,19,21-pentahydroxy-23-methoxy-2,4,12",514.7
"Acetamide, 2-(2,4-dichlorophenoxy)-",196.9
"Acetamide, 2-(diethylamino)-N-(2,6-dimethylphenyl)-",166
"Acetamide, 2,2'-((2-hydroxyethyl)imino)bis(N-(alpha,alpha-dimethylphen",335.1
"Acetamide, 2,2-dichloro-",104.3
"Acetamide, 2,2-dichloro-N-(2-hydroxy-1-(hydroxymethyl)-2-(4-nitropheny",343.8
"Acetamide, 2,2-dichloro-N-(2-hydroxyethyl)-N-(p-(methylsulfonyl)benzyl",281.5
"Acetamide, 2,2-dichloro-N-(2-hydroxyethyl)-N-(p-(p-nitrophenoxy)benzyl",286.6
"Acetamide, 2-chloro-",108.6
"Acetamide, 2-chloro-N-(1-methylethyl)-N-phenyl-",129.4
"Acetamide, 2-chloro-N-(2,6-diethylphenyl)-",177.1
"Acetamide, 2-chloro-N-(2-ethyl-6-methylphenyl)-N-(2-methoxy-1-methylet",359.6
"Acetamide, 2-chloro-N,N-di-2-propenyl-",99.8
"Acetamide, 2-chloro-N,N-diethyl-",77
"Acetamide, 2-fluoro-",110.4
"Acetamide, 2-fluoro-N-isobutyl-",94.5
"Acetamide, 2-fluoro-N-methyl-N-1-naphthalenyl- (9CI)",163.5
"Acetamide, 2-fluoro-N-phenyl- (9CI)",145.1
"Acetamide, 2-iodo-",133.5
"Acetamide, 2-phenoxy-",200.9
"Acetamide, N-(1,1a,3,3a,4,5,5,5a,5b,6-decachlorooctahydro-2-hydroxy-1,",295.8
"Acetamide, N-(1-hydroxy-9H-fluoren-2-yl)- (9CI)",240.3
"Acetamide, N-(2-(5-methoxy-1H-indol-3-yl)ethyl)- (9CI)",264
"Acetamide, N-(2-(6-hydroxy-5-methoxy-1H-indol-3-yl)ethyl)- (9CI)",295.3
"Acetamide, N-(2,5-dichlorophenyl)-",163.2
"Acetamide, N-(2-hydroxyethyl)-",176.7
"Acetamide, N-(2-methoxy-4-nitrophenyl)-",201.4
"Acetamide, N-(3-hydroxy-9H-fluoren-2-yl)- (9CI)",250.4
"Acetamide, N-(3-hydroxyphenyl)-",185.2
"Acetamide, N-(4-((4-aminophenyl)sulfonyl)phenyl)- (9CI)",310.3
"Acetamide, N-(4-(2-(2-hydroxy-5-methylphenyl)diazenyl)phenyl)-",276.7
"Acetamide, N-(4-(2-hydroxy-3-((1-methylethyl)amino)propoxy)phenyl)-",252.3
"Acetamide, N-(4-(chloroacetyl)phenyl)-",110
"Acetamide, N-(4'-amino(1,1'-biphenyl)-4-yl)- (9CI)",235.3
"Acetamide, N-(4-bromophenyl)-2-fluoro- (9CI)",174.3
"Acetamide, N-(4-chlorophenyl)-N-hydroxy- (9CI)",149
"Acetamide, N-(4-ethoxyphenol)-",149
"Acetamide, N-(4'-fluoro(1,1'-biphenyl)-4-yl)- (9CI)",205.5
"Acetamide, N-(4-hydroxyphenyl)-",188.4
"Acetamide, N-(5-(bis(2-(acetyloxy)ethyl)amino)-2-((2-bromo-4,6-dinitro",435.6
"Acetamide, N-(5-hydroxy-9H-fluoren-2-yl)-",279.9
"Acetamide, N-(5-nitro-2-thiazolyl)-",137.5
"Acetamide, N-(7-hydroxyfluoren-2-yl)- (8CI)",279.9
"Acetamide, N-(9-oxo-9H-fluoren-2-yl)- (9CI)",217
"Acetamide, N-(aminothioxomethyl)-",80
"Acetamide, N,N'-9H-fluorene-2,7-diylbis- (9CI)",246.9
"Acetamide, N,N-dibutyl-2-fluoro-",118.3
"Acetamide, N,N-diethyl-",69.3
"Acetamide, N-4-pyridinyl- (9CI)",162
"Acetamide, N-9H-fluoren-2-yl-",277.2
"Acetamide, N-9H-fluoren-2-yl-2,2,2-trifluoro- (9CI)",202
"Acetamide, N-9H-fluoren-2-yl-N-hydroxy- (9CI)",229
"Acetamide, N-chloro-N-9H-fluoren-2-yl-",208
"Acetamide, N-ethenyl-N-methyl-",62.9
"Acetamide, N-ethyl-N-vinyl-",72.5
"Acetamide, N-hydroxy- (9CI)",127.6
"Acetamide, N-hydroxy-N-2-naphthalenyl- (9CI)",183.8
"Acetamide, N-hydroxy-N-phenyl-",116.8
"Acetamide, N-methyl-N-phenyl-",93.2
"Acetamide, N-phenyl-",173.9
"Acetamide, N-phenyl-N-vinyl-",112.9
"Acetamide, thio- (VAN) (8CI)",21.4
Acetamide125oC,125
Acetanilide103844,173
Aceticacid64197,39
Aceticanhydride,48.85
Acetone67641,-20
AcetoneCyanohydrin75865,74
Acetonitrile,12.85
Acetophenone98862,77
AcetoxymethylTrimethylSilane20oC,20
AcetoxyTrimethylSilane4oC,4
Acetylchloride75365,4
Acridine172oC,172
Acrolein,-26.15
"Acrylamide, N-(hydroxymethyl)-2-methyl- (6CI,8CI)",139
Acrylicacid79107,54
Acrylonnitrile107131,0
AdipicAcid124049,196
Adiponitrile,158.85
Allylacetate,5.85
Allylalcohol107186,21
Allylamine107119,-29
Allylchloride107051,-32
AllylChloromethylDimethylSilane27oC,27
AllylDimethylChloroSilane5oC,5
AllylDimethylSilane-20oC,-20
AllylIsothiocyanate57067,46.1
AllylMethylDichloroSilane27oC,27
AllyloxytrimethylSilane0oC,0
AllylPhenylDichloroSilane76oC,76
AllylTrichloroSilane31oC,31
AllylTriethoxySilane47oC,47
AllylTrimethoxySilane46oC,46
AllylTrimethylSilane7oC,7
alphaMethylstyrene98839,53.9
AminoethylAminopropylTrimethoxySilane96oC,96
Anethole,89.85
Aniline62533,70
Anthracene120127,121
Anthraquinone84651,185
Aziridine151564,-11.1
Benzaldehyde100527,63
Benzamide,180
"Benzamide, 2,3,5-trichloro-N-(3,5-dichloro-2-hydroxyphenyl)-6-hydroxy-",223.5
"Benzamide, 2,6-dichloro-",115
"Benzamide, 2-ethoxy-",153.7
"Benzamide, 2-hydroxy-",146.3
"Benzamide, 2-hydroxy-N-(4-hydroxyphenyl)- (9CI)",165.9
"Benzamide, 2-hydroxy-N,N-dimethyl- (9CI)",144.3
"Benzamide, 2-hydroxy-N-phenyl-",131.8
"Benzamide, 2-methoxy- (9CI)",155.7
"Benzamide, 2-methyl-",107.6
"Benzamide, 2-methyl-3,5-dinitro-",134
"Benzamide, 2-nitro- (9CI)",146.039
"Benzamide, 3,5-dichloro-N-(3,4-dichlorophenyl)-2-hydroxy-",200.6
"Benzamide, 3,5-dinitro-",144
"Benzamide, 4-amino-5-bromo-N-(2-(diethylamino)ethyl)-2-methoxy- (9CI)",217.3
"Benzamide, 4-amino-5-chloro-N-(2-(diethylamino)ethyl)-2-methoxy- (9CI)",207
"Benzamide, 4-amino-N-(2-(diethylamino)ethyl)- (9CI)",208.9
"Benzamide, 4-methoxy-3-nitro-N-phenyl-",185
"Benzamide, 4-nitro-",176.3
"Benzamide, 5-chloro-N-(2-chloro-4-nitrophenyl)-2-hydroxy-",210.5
"Benzamide, N-((4-(2-(dimethylamino)ethoxy)phenyl)methyl)-3,4,5-trimeth",260.4
"Benzamide, N-(1-methylethyl)-4-((2-methylhydrazino)methyl)- (9CI)",148.9
"Benzamide, N-(5-chloro-9,10-dihydro-9,10-dioxo-1-anthracenyl)-",260
"Benzamide, N,N'-(dithiodi-2,1-phenylene)bis-",250
"Benzamide, N,N'-(iminobis(9,10-dihydro-9,10-dioxo-4,1-anthracenediyl))",172.1
"Benzamide, N,N-diethyl-",125.5
"Benzamide, N,N-diethyl-2-methyl-",139.8
"Benzamide, N,N-diethyl-3-methyl-",155
"Benzamide, N,N-diethyl-4-hydroxy-3-methoxy-",196.6
"Benzamide, N,N-diethyl-4-methyl-",140.8
"Benzamide, N-9H-fluoren-2-yl- (9CI)",245.5
"Benzamide, N-acetyl-2-hydroxy- (9CI)",180.9
"Benzamide, N-butyl-",201.6
"Benzamide, N-hydroxy-",201
"Benzamide, N-methyl-",175.9
"Benzamide, o-amino- (VAN) (8CI)",135.778
"Benzamide, o-chloro- (8CI)",120.1
"Benzamide, p-amino- (8CI)",164.9
"Benzamide, p-chloro- (6CI,7CI,8CI)",129.3
"Benzamide, p-cyano- (8CI)",165.6
Benzamide157oC,157
Benzanthracene235oC,235
Benzene11ethylidenebis129oC,129
Benzene71432,-11
"Benzeneacetamide, alpha-hydroxy-alpha-phenyl- (9CI)",216.6
"Benzeneacetamide, alpha-phenyl- (9CI)",190.3
"Benzeneacetamide, N,N-diethyl- (9CI)",134.3
"Benzeneacetamide, N,N-dimethyl-alpha-phenyl- (9CI)",173.3
"Benzeneacetamide, N-ethyl-alpha-(hydroxymethyl)-N-(4-pyridinylmethyl)-",251.8
Benzenecarbothioamide,120
"Benzenecarbothioamide, 2,6-dichloro- (9CI)",147.7
"Benzenecarboximidamide, N-hydroxy- (9CI)",139.7
"Benzenemethanamide, N-nitroso-N-(phenylmethyl)- (9CI)",208.4
Benzenemethanethiol,69.85
"Benzenesulfonamide, 2-methyl-",53.5
"Benzenesulfonamide, 4-(tetrahydro-2H-1,2-thiazin-2-yl)-, S,S-dioxide",268.4
"Benzenesulfonamide, 4-amino-",196
"Benzenesulfonamide, 4-amino-N-(3,4-dimethyl-5-isoxazolyl)-",245.4
"Benzenesulfonamide, 4-amino-N-(3-methoxypyrazinyl)-",249.3
"Benzenesulfonamide, 4-amino-N-(4,6-dimethyl-2-pyrimidinyl)-",272.1
"Benzenesulfonamide, 4-amino-N-(5,6-dimethoxy-4-pyrimidinyl)-",270
"Benzenesulfonamide, 4-amino-N-(5-methoxy-2-pyridimidinyl)- (9CI)",280
"Benzenesulfonamide, 4-amino-N-(5-methyl-1,3,4-thiadiazol-2-yl)-",259.1
"Benzenesulfonamide, 4-amino-N-(5-methyl-3-isoxazolyl)-",245.4
"Benzenesulfonamide, 4-amino-N-(6-methoxy-4-pyrimidinyl)-",264.2
"Benzenesulfonamide, 4-amino-N-(aminothioxomethyl)- (9CI)",230.4
"Benzenesulfonamide, 4-amino-N,N-diethyl-",181.1
"Benzenesulfonamide, 4-amino-N-2-pyridinyl-",240.2
"Benzenesulfonamide, 4-amino-N-2-quinoxalinyl-",287.1
"Benzenesulfonamide, 4-amino-N-methyl- (9CI)",171
"Benzenesulfonamide, N-(5-(2-methoxyethoxy)-2-pyrimidinyl)-",265.4
"Benzenesulfonamide, N-(5-tert-butyl-1,3,4-thiadiazol-2-yl)-",225.6
"Benzenesulfonamide, N,N-dibutyl-4-chloro-",194
Benzenesulphonamide,144.6
"Benzo(b)thiophene-6-carboximidamide, 2-(4-(aminoiminomethyl)phenyl)-",268.5
Benzofuran,55.85
BenzoicAcid65850,121
Benzonitrile100470,71.7
Benzoylchloride98884,72
Benzylacetate140114,90.6
Benzylalcohol100-51-6,93
Benzylbenzoate120514,148
Benzylbromide,78.85
Benzylchloride100447,67
Benzylcyanide,100.85
BenzylDimethylChloroSilane73oC,73
BenzylDimethylSilane65oC,65
Benzylmethylsulfide,72.85
BenzylTrichloroSilane87oC,87
BenzylTriethoxySilane127oC,127
BenzylTrimethylSilane62oC,62
Bibenzyl,128.85
Bicyclohexyl92513,91.85
Biphenyl,112.85
bis[[chloro(dimethyl)silyl]oxy]-dimethylsilane,53.3
bis[[dimethyl(trimethylsilyloxy)silyl]oxy]-dimethylsilane,117.4
bis22chloroethoxyethylether6385562,121.1
Bis2ethylhexylether10143609,112.8
BischloromethylDimethylSilane46oC,46
bisChloromethylMethylChloroSilane42oC,42
BisChloromethylTetramethylSiloxane73oC,73
BisDiethylaminoDimethylSilane35oC,35
BisDimethylaminoDimethylSilane-7oC,-7
BisDimethylaminoMethylSilane-3oC,-3
BistrimethylsilylCarbodiimide42oC,42
BisTrimethylsilylMethane12oC,12
"Biurea, 2,5-dithio- (VAN) (8CI)",130.1
Bromobenzene108861,51
Bromoethane,-20.15
Bromoform,82.85
bromomethyl(trimethyl)silane,16.1
Bromomethyldimethylchlorosilane41oC,41
BromomethylTrimethylSilane16oC,16
Bromopentafluorobenzene344047,87
Butanal,-7.15
butanamide,87.9
"Butanamide, 2-(2-(2-methoxy-4-nitrophenyl)diazenyl)-N-(2-methoxyphenyl",302.9
"Butanamide, 2,2'-((3,3'-dichloro(1,1'-biphenyl)-4,4'-diyl)bis(2,1-diaz",442
"Butanamide, 2,2'-((3,3'-dichloro(1,1'-biphenyl)-4,4'-diyl)bis(2,1-diaz",442
"Butanamide, 2,2'-((3,3'-dichloro(1,1'-biphenyl)-4,4'-diyl)bis(azo))bis",433.6
"Butanamide, 2,2'-((3,3'-dichloro(1,1'-biphenyl)-4,4'-diyl)bis(azo))bis",433.6
"Butanamide, 2,2'-((3,3'-dichloro(1,1'-diphenyl)-4,4'-diyl)bis(azo))bis",440.9
"Butanamide, 2,4-dihydroxy-N-(3-hydroxypropyl)-3,3-dimethyl-, (theta)-",246.3
"Butanamide, 2-chloro-N,N-dimethyl-3-oxo-",89
"Butanamide, 2-chloro-N-methyl-3-oxo-",125.6
"Butanamide, 3-oxo-N-phenyl-",162
"Butanamide, N-(2,4-dimethylphenyl)-3-oxo-",171
"Butanamide, N-(2-chlorophenyl)-3-oxo-",176
"Butanamide, N-(2-methoxyphenyl)-3-oxo-",157
"Butanamide, N-(2-methylphenyl)-3-oxo-",143
"Butanamide, N-(4-ethoxyphenyl)-3-oxo-",206.8
"Butanamide, N-(4-methoxyphenyl)-3-oxo-",201.7
"Butanamide, N,N-diethyl-3-oxo-",94
"Butanamide, N,N-diethyl-3-oxo-",94
"Butanamide, N,N-dimethyl-3-oxo-",82.4
butyl2propenoat,36.85
Butylacetate123964,24
Butylacrylate141322,38.85
Butylamine109739,-1
Butylbenzene,48.85
Butylchloride109693,-9.4
butyl-chloro-dimethylsilane,30.1
Butylcyanide,39.85
Butylcyclohexane,40.85
ButylDimethylAmine-3oC,-3
Butylethylether628819,4.4
Butylformate592847,18
ButylIsocyanate111364,26.7
ButylIsothiocyanate592825,65.6
ButylIsovalerate109193,53
butylnitrate928450,36.1
Butylpropionate590012,32
ButylptPentylphenylEther,135
Butyltrimethylsilane,8.5
Butylvinylether,-9.15
Butyraldehyde123728,-6.7
Butyricacid107926,77
ButyricAnhydride,86.85
Butyronitrile109740,16.7
Camphor,65.85
CarbamoylGuanidineAmidinoUreaSaltCAS141833flash147,147
Carbonochloridicacidethylester,15.85
Carvacrol,105.85
chloro-(chloromethyl)-dimethylsilane,22
chloro-(dichloromethyl)-dimethylsilane,42.7
chloro-[chloro(dimethyl)silyl]oxy-dimethylsilane,33
Chlorobenzene108907,29
Chlorocyclohexane542187,32
Chlorocyclopentane,14.85
chloro-dimethyl-prop-2-enylsilane,5.6
Chloroethane,-50.15
chloromethyl(trimethyl)silane,-2
ChloromethylBenzene60oC,60
ChloromethylDimethylchlorosilane21oC,21
ChloromethylDimethylEthoxySilane26oC,26
ChloromethylDimethylPhenylSilane53oC,53
chloro-methyl-diphenylsilane,121.9
Chloromethylmethyldichlorosilane20oC,20
ChloromethylMethylDiethoxySilane38oC,38
ChloromethylTriethoxySilane47oC,47
ChloromethylTrimethoxySilane26oC,26
ChloromethylTrimethylSilane-2oC,-2
Chloroprene126998,-20
Cinnamaldehyde,70.85
cisDecalin493016,58
Citronellal,74.85
"Coumarin, 3-chloro-7-hydroxy-4-methyl-, bis(3-chloropropyl) phosphate",487.5
"Coumarin, 3-chloro-7-hydroxy-4-methyl-, bis(3-chloropropyl) phosphate",487.5
CresylDiphenylPhosphate232oC,232
Crotonaldehyde123739,13
"Crotonamide, 3-methyl-",91.2
Crotonicacid,87.85
Cumene98828,36
"Cyanamide, dimethyl-",58.3
Cyclobutane,-65.15
Cyclobutanone,9.85
Cyclobutylamine,-4.15
Cyclodecane,64.85
Cycloheptane,5.85
Cycloheptanol,70.85
Cycloheptanone,84.85
Cyclohexane110827,-20
Cyclohexanecarbonitrile,64.85
Cyclohexanemethylamine,42.85
Cyclohexanesulfonamide,135.1
Cyclohexanethiol,42.85
Cyclohexanol108930,68
Cyclohexanone108941,44
"Cyclohexasiloxane, dodecamethyl-",124.4
Cyclohexene,-20.15
CyclohexeneOxide,23.85
Cyclohexyl phenyl phosphate ((C6H11O)(PhO)2PO) (7CI),214.9
CyclohexylAcetate622457,58
Cyclohexylamine,26.85
CyclohexylBenzene99oC,99
CyclohexylDimethylSilane63oC,63
CyclohexylIsocyanate3173533,48.9
CyclohexylMethylDichloroSilane66oC,66
CyclohexylMethylDimethoxySilane66oC,66
CyclohexylTrichloroSilane91oC,91
Cyclooctane,27.85
CyclopentadienylTrimethylSilane29oC,29
CyclopentamethyleneDimethylSilane30oC,30
Cyclopentane287923,-37
Cyclopentanethiol,24.85
Cyclopentanol96413,51
Cyclopentanone120923,26
Cyclopentene,-0.15
CyclopentenyloxyTrimethylSilane38oC,38
Cyclopentylamine,11.85
CyclopentylDichloroSilane43oC,43
CyclopentylTrichloroSilane77oC,77
Cyclopropane,-95.15
Cyclopropanecarbonitrile5500210,32.8
cyclopropanecarboxamide,104.1
Cyclopropylamine,-25.15
CyclotetramethyleneDimethylSilane15oC,15
"Cyclotetrasiloxane, 2,4,6,8-tetraethenyl-2,4,6,8-tetramethyl-",94.3
"Cyclotetrasiloxane, octamethyl-",63.2
"Cyclotetrasiloxane, octaphenyl-",200
CyclotrimethyleneDimethylSilane-5oC,-5
"Cyclotrisiloxane, 2,4,6-trimethyl-2,4,6-tris(3,3,3-trifluoropropyl)-",107.1
DecamethylCyclopentasiloxane77oC,77
DecamethylTetraSiloxane62oC,62
Decanal,84.85
Decane124185,48
DecylAcetate104oC,104
decylalcohol,108
Decylamine2016571,99
DecylBenzene107oC,107
Diallylphthalate131179,165.6
DiallylSulfide592881,46.1
Dibenzylether103504,135
Dibutoxymethane2568903,60
Dibutylamine111922,40
Dibutyldisulfide629458,93.3
Dibutylether142961,25
Dibutylphtalate,170.85
Dibutylsebacate109433,166.85
Dibutylsulfide544401,76.7
Dibutylsulfone598049,143
dichloro-(chloromethyl)-methylsilane,35
dichloro(diphenyl)silane,155
DichloroAcetaldehyde60oC,60
DichloroAceticAcid110oC,110
Dichloroacetylchloride79367,66.1
dichloro-ethyl-methylsilane,5
DichloromethylBenzene80oC,80
DichloromethylMethylDichloroSilane28oC,28
dichloro-methyl-prop-2-enylsilane,18.3
DichloroSilane-37oC,-37
Diethanolamine,136.85
diethoxy-methyl-phenylsilane,114.6
diethoxy-methyl-prop-2-enylsilane,42.5
Diethylamine109897,-23
DiethylaminoTrimethylSilane10oC,10
DiethylCarbonate,24.85
Diethylcyanamide,68.85
DiethylDichloroSilane27oC,27
DiethylDiethoxySilane43oC,43
DiethylDisulfide,39.85
DiethyleneGlycol111464,124
DiethyleneGlycolDibutylEther,116.85
DiethyleneGlycolDimethylEther,50.85
Diethylenetriamine111400,98
Diethylether60297,-45
DiethylFumarate,90.85
DiethylGlutarate,95.85
DiethylMethylChloroSilane15oC,15
DiethylPhosphate91oC,91
Diethylphthalate,159.85
DiethylSilane-20oC,-20
DiethylSulfate,103.85
Diethylsulfide352932,-9.4
Dihexylether112583,77
Dihydro25furandione151oC,151
Diisobutylamine110963,29
Diisobutylketone,48.85
Diisopropylamine108189,-1
DiisopropylaminoTrimethylSilane28oC,28
DiisopropylEther,-28.15
Diketene,32.85
Dimethoxymethane109875,-18.15
Dimethylamine,-18.15
Dimethylcarbonate,17.85
DimethylChloroSilane-25oC,-25
DimethylDiacetoxySilane37oC,37
Dimethyldichlorosilane-10oC,-10
DimethylDiethoxySilane11oC,11
DimethylDimethoxySilane-8oC,-8
DimethylDisulfide,23.85
Dimethylether115106,-41
Dimethylnitrosamine,60.85
DimethylolUrea232,232
Dimethylphtalate131113,146
Dimethylsulfide75183,-36
DimethylSulfoxide,87.85
DimethylUrea157oC,157
DimethylVinylChloroSilane-5oC,-5
DioctylAmine110oC,110
Dipentene138863,45
Dipentylamine2050922,51
Dipentylether,56.85
Diphenyl92524,113
Diphenylamine122394,152.8
DiphenylChloroSilane105oC,105
DiphenylDichloroSilane157oC,157
DiphenylDiethoxySilane175oC,175
DiphenylDimethoxySilane121oC,121
Diphenylether101848,115
Diphenylmethane,126.85
DiphenylMethylChloroSilane141oC,141
DiphenylMethylEthoxySilane165oC,165
DiphenylMethylSilane120oC,120
DiphenylSilane98oC,98
Dipropylamine142847,17
Dipropylether111433,21.1
DipropylSulfone598038,126
"Disilane, hexamethyl-",5.8
"Disiloxane, 1,1,1,3,3,3-hexamethyl-",7.7
"Disiloxane, 1,3-diethenyl-1,1,3,3-tetramethyl-",24
DitbutylMethylChloroSilane69oC,69
Ditertbutyldisulfide,66.85
Ditertbutylperoxide,11.85
Ditertbutylsulfide107471,48
DivinylDimethylSilane8oC,8
DodecamethylCyclohexasiloxane93oC,93
DodecamethylPentasiloxane79oC,79
"Dodecanamide, N-(2-hydroxyethyl)-",202.2
"Dodecanamide, N,N-diethyl-",114.3
Dodecane112403,71
DodecylBenzene141oC,141
dValerolactone,99.85
Eicosane,168.85
Ethane,-135.15
Ethanediamide,112.7
"Ethanediamide, N,N'-dimethyl-N,N'-dinitroso- (9CI)",92.9
Ethanedithioamide,106.2
Ethanethiol75081,-17
"Ethanol, 2,2,2-trichloro-, dihydrogen phosphate",148.1
"Ethanol, 2-butoxy-, phosphate (3:1)",241.5
"Ethanol, 2-chloro-, phosphate (3:1)",232.2
"Ethanol, 2-chloro-, phosphate (3:1)",232.2
ethanol64175,13
Ethenylacetate,-8.15
EthenylBenzene32oC,32
Ethenylcyclohexane,21.85
ethenyl-diethoxy-methylsilane,17.8
ethenyl-tri(propan-2-yloxy)silane,86.6
ethoxy(trimethyl)silane,-18
ethoxy(triphenyl)silane,163.5
EthoxyBenzene52oC,52
EthoxymethylBenzene59oC,59
EthoxyTrimethylSilane-27oC,-27
ethyl(trimethoxy)silane,24.2
ethyl(trimethoxy)silane,24.2
Ethyl2trimethylsilylAcetate35oC,35
ethyl3oxobutanoat,69.85
Ethylacetate141786,-3
Ethylacetoacetate141979,57.2
Ethylacetylglycolate623869,82
Ethylacrylate140885,15.6
Ethylal,-5.15
Ethylamine,-17.15
Ethylbenzene100410,15
Ethylbenzoate93890,88
Ethylbromoacetate105362,47.8
Ethylbutyrate105544,24
Ethylchloride75003,-43
Ethylchloroacetate,52.85
EthylChloroformate541413,16
ethylcrotonate623701,2.2
Ethylcyanoacetate105566,110
ethylcyclohexane1678917,35
Ethylcyclopentane,14.85
Ethyldichlorosilane-9oC,-9
EthylDimethylChloroSilane-4oC,-4
EthylDimethylSilane-25oC,-25
EthyleneCarbonate,149.85
EthyleneGlycolDiacetate111557,88.3
EthyleneUreaCAS120934flash202,202
Ethylformate109944,-20
EthylIsobutyrate97621,12.85
Ethyllactate97643,46
Ethylmethyldichlorosilane2oC,2
Ethylmethylether540670,-37.2
Ethylnitrate625581,10
Ethyloethoxycarbonylbenzeyloxyacetate84720,185
Ethylpropionate105373,12
EthylPropylEther,-20.15
EthylSilane-60oC,-60
EthylTriacetoxySilane104oC,104
Ethyltrichlorosilane27oC,27
EthylTriethoxySilane40oC,40
EthylTrimethoxySilane27oC,27
EthylTrimethylSilane27oC,27
Ethylvinylether109922,-18
Ethynylbenzene31oC,31
Fluorobenzene462066,-15
Fluorocyclohexane,4.85
Forchlorfenuron140,140
Formamide,175
"Formamide, 1,1'-azobis-",126
"Formamide, N-((4-amino-2-methyl-5-pyrimidinyl)methyl)-N-(4-hydroxy-1-m",348.3
"Formamide, N-(4-bromophenyl)- (9CI)",156
"Formamide, N-(4-chlorophenyl)- (9CI)",144.2
"Formamide, N,N'-(dithiobis(2-(2-hydroxyethyl)-1-methylvinylene))bis(N-",493.5
"Formamide, N,N-diethyl-",60
"Formamide, N,N-di-n-butyl-",100
"Formamide, N-9H-fluoren-2-yl- (9CI)",269.6
"Formamide, N-phenyl-",150.2
Formicacid,68.85
Furan,-35.15
Furfural,59.85
Furfurylacetate623176,85
Furfurylalcohol,64.85
gammaButyrolactone,97.85
gammaValerolactone,80.85
Glycerol,183.85
"Guanidine, 1-(2-hydroxyethyl)-1-methyl-, dihydrogen phosphate (ester)",186.1
Heptadecane629787,148
HeptadecylBenzene199oC,199
HeptamethylDisilazane27oC,27
HeptamethylTrisiloxane23oC,23
Heptanal,40.85
Heptane142825,-1
Heptanenitrile,57.85
Heptanoicacid111148,112
HeptylAcetate67oC,67
Heptylbenzene,94.85
Hexachlorobenzene242oC,242
Hexadecamethylheptasiloxane133oC,133
Hexadecane544763,135
HexadecylBenzene193oC,193
HexaethylDisiloxane76oC,76
HexafluoroBenzene10oC,10
Hexahydro2Hazepin2one152oC,152
HexamethylBenzene114oC,114
HexamethylCycloTrisiloxane32oC,32
HexamethylDisilane-1oC,-1
HexamethylDisilaThiane26oC,26
HexamethylDisilazane8oC,8
HexamethylDisiloxane-3oC,-3
Hexamethyleneimine111499,17.85
HexamethylTrisiloxane20oC,20
Hexanal,31.85
Hexanamide,102.224
"Hexanamide, 2,3-epoxy-2-ethyl-",145.8
"Hexanamide, 2,3-epoxy-2-ethyl-",145.8
hexane110543,-23
Hexanenitrile628739,43
Hexanoicacid142621,104
Hexylacetate142927,45
Hexylalcohol,59.85
Hexylamine111262,8.9
Hexylbenzene80oC,80
HexylDichloroSilane64oC,64
HexylSilane12oC,12
HexylTrifluoroSilane-7oC,-7
HexylTrimethoxySilane62oC,62
Hydrazinecarbothioamide,80
"Hydrazinecarbothioamide, 1-formyl- (9CI)",91.5
"Hydrazinecarbothioamide, 2-(1-methylethylidene)-",83.1
"Hydrazinecarbothioamide, 2,2'-(1-(1-ethoxyethyl)-1,2-ethanediylidene)b",207.6
"Hydrazinecarboxamide, 2-((5-nitro-2-furanyl)methylene)-",2
Hydroquinone,164.85
hydroxyacetaldehyde87oC,87
Hydroxyacetonitrile115oC,115
"Imidodicarbonimidic diamide, N-(2-methylphenyl)-",202.6
"Imidodicarbonimidic diamide, N-(2-phenylethyl)-",204
"Imidodicarbonimidic diamide, N-phenyl-",188.7
Inosine 5'-(trihydrogen pyrophosphate),513.3
Inosine 5'-(trihydrogen pyrophosphate),513.3
Inosine 5'-monophosphate,468.7
Iodobenzene591504,74
Isobutenal78853,-0.15
Isobutene,-76.15
Isobutylacetate110190,18
Isobutylalcohol78831,28
Isobutylamine78819,-9
Isobutylbenzene538932,55
IsobutylButyrate539902,50
Isobutylformate542552,9.85
Isobutylisobutyrate97858,39.85
IsobutylTrichloroSilane37oC,37
IsobutylTrimethoxySilane42oC,42
Isobutylvinylether109535,-9
Isobutyraldehyde78842,-18.3
Isobutyricacid79312,55.6
Isobutyronitrile78820,7.85
Isocyanatobenzene51oC,51
Isooctane,-12.15
Isopentane,-57.15
Isopentylacetate123922,25
Isopentylalcohol123513,43
Isopentylbutyrate106274,59
Isophorone,83.85
Isoprene78795,-54
IsopropenylAcetate108225,15.6
Isopropylacetate108214,2
Isopropylamine75310,-17
Isopropylbenzoate939480,98.9
Isopropylchloride75296,-32
IsopropylCyclohexane,34.85
Isopropylether108203,-29.15
Isopropylformate625558,-6
IsopropylGlycidylEther,32.85
IsopropylVinylether926658,-32
IsovalericAcid503742,69.85
Levoglutamide,223.3
"L-Phenylalaninamide, N-((1,1-dimethylethoxy)carbonyl)-beta-alanyl-L-tr",677.5
mChlorotoluene108418,50.6
mCresol108394,86
mdichlorobenzene,62.85
mDiethylbenzene,55.85
MercaptoaceticAcid125oC,125
Mesitylene108678,43.85
Mesityloxide,31.85
Methacrolein78853,-15
Methacrylonitrile,0.85
MethacryloxymethylPhenylDimethylSilane105oC,105
MethacryloxymethylTrimethylSilane45oC,45
"Methanesulfonamide, N-(4-(1-hydroxy-2-((1-methylethyl)amino)ethyl)phen",221.9
Methanethiol,-18.15
Methanol67561,11
MethoxyaceticAcid115oC,115
Methoxybenzene100663,51
MethoxyTrimethylSilane-30oC,-30
Methyl2octynoate,87.85
Methyl2propenoat-3oC,-3
methylacetate79209,-10
Methylacrylate96333,6
Methylamine,-62.15
Methylbenzene4oC,4
Methylbenzoate93583,83
Methylbutyrate623427,14
methylcyclohexane108872,-4
Methylcyclopentadiene,25.85
methylcyclopentane,-10.15
MethylCyclopropanecarboxylate,16.85
MethyldichloroSilane-32oC,-32
MethylDiethanolAmine,137.85
MethylDiphenylChloroSilane138oC,138
Methylenecyclohexane,-6.15
Methylenecyclopentane,-19.15
Methylformate107313,-19
Methylheptanoate,51.85
MethylIsobutylKetone,13.85
MethylIsobutyrate,2.85
MethylIsocyanate624839,-18
MethylIsopropenylKetone814788,12.85
Methylisothiocyanate556616,32.2
MethylMethacrylate,9.85
Methylpropionate554121,-2
methylpropylether557175,-20
MethylptPentylphenylEther2050035,98.9
Methylsalicylate119368,96
methylsecbutylether6795875,-30.15
methyltertpentylether,-11.15
MethylthioBenzene69oC,69
mEthyltoluene,37.85
MethylTriacetoxySilane85oC,85
Methyltrichlorosilane3oC,3
MethylTriethoxySilane24oC,24
Methylvalerate,21.85
MethylVinylDimethoxySilane4oC,4
Methylvinylketone78944,-7
mNitrotoluen99081,106
Morpholine,34.85
mToluidine108441,85.85
mVinylToluene100801,51
mXylene108383,27
N-(1-piperidin-1-ylpropan-2-yl)-N-pyridin-2-ylpropanamide,201.8
N-(2-methylphenyl)formamide,163.8
N-(2-phenylphenyl)acetamide,225.5
N-(3-methylphenyl)formamide,167.8
N-(4-Phenoxyphenyl)acetamide,202.2
"N,N-diethyl-3-methylbutanamide",78.7
"N,N-diethylbutanamide",78.2
"N,N-diethylpropanamide",73.6
"N,N-diethylpyridine-3-carboxamide",141.1
"N,N-dimethylbenzamide",111.9
"N,N-dimethyl-N'-phenylmethanimidamide",86.7
"N,N-dimethylpropanamide",65.8
"N,N-dipropylacetamide",78.2
N3P3tfe3egme2pgme200oC,200
N-acetylacetamide,101.8
N-acetyl-N-ethylacetamide,74.4
N-acetyl-N-methylacetamide,66.5
nAmylamine,3.85
nAmylMethylDichloroSilane35oC,35
Naphtalene91203,79
N-butylacetamide,114.5
Nbutylacetamide1119499,115.6
Nbutylacetanilide91496,141.1
nButylbenzene104518,59
nbutylcyclohexane,40.85
nbutylMethylDichloroSilane30oC,30
nbutylnitrite,-13.15
N-butyl-N-phenylacetamide,141
nbutylTrichloroSilane54oC,54
nbutylvinylether111342,-9.15
N-cyclohexylformamide,149
nDecylMethylDichloroSilane120oC,120
nDodecylMethylDichloroSilane143oC,143
nDodecylTrichloroSilane162oC,162
N-ethylacetamide,105.4
Nethylacetamide625503,110
Nethylisopropylamine,15.85
Nethylmorpholine,31.85
nHeptylamine111682,35
nheptylMethylDichloroSilane66oC,66
nheptyltrichloroSilane64oC,64
nHexylDichloroSilane64oC,64
nhexylmethylDichloroSilane85oC,85
nHexylTrichloroSilane85oC,85
Nitrobenzene98953,87.8
Nitroethane79243,28
Nmethyl2propanamine,-31.15
NmethylAcetamide108oC,108
Nmethylaniline,79.85
Nmethylbutylamine,0.85
Nmethylformamide,111
Nmethylmorpholine,13.85
N-methyl-N-phenylformamide,126
N-methyl-N-phenylformamide,126
NmethylNtrimethylsilylTrifluoroAcetamide25oC,25
N-methylpropanamide,105.4
Nmethylpyrrolidine120945,-13.9
NNdibutylacetamide1563902,107.2
NNdibutylaniline613296,110
NNdiethylaniline91667,85
NNdiethylBenzenamine85oC,85
NNdimethyl13propanediamine,34.85
NNdimethylacetamide,62.85
NNdimethylaminoDimethylSilane-13oC,-13
NNdimethylaminoTriethylSilane26oC,26
NNdimethylaminoTrimethylSilane-19oC,-19
NNdimethylaniline121697,62.8
NNdimethylBenzenamine62oC,62
NNdimethylcyclohexanemethylamine,47.85
NNdimethylcyclohexylamine,38.85
NNdimethylformamide,57.85
NNdimethylhydrazine57147,-15
nnonanal,70.85
nOctadecylTrichloroSilane193oC,193
nOctylamine111864,60
noctylbenzene,106.85
noctylDimethylChloroSilane97oC,97
noctylSilane36oC,36
noctylTrichloroSilane96oC,96
Nonadecane629925,166
Nonane111842,31
NonylAcetate99oC,99
Nonylbenzene99oC,99
Nonylphenol25154523,140.6
N-Oxydiethylene-2-benzothiazylsulfenamide,203.6
Nphenyl14benzenediamine193oC,193
NphenylAcetamide173oC,173
N-phenyl-N-propylacetamide,109.4
nPropylDimethylChloroSilane10oC,10
nPropylMethylDichloroSilane27oC,27
nPropyltrichlorosilane35oC,35
npropylTriethoxySilane57oC,57
nPropylTrimethoxySilane34oC,34
N-pyridin-3-ylacetamide,151.8
NtbutyldimethylsilylNmethylTrifluoroacetamide52oC,52
N-tert-butylformamide,95.7
NtrimethylsilylMorpholine27oC,27
oBromotoluen95465,78.9
oChlorotoluene95498,47
oCresol95487,81
OctadecamethylOctasiloxane144oC,144
Octadecanamide,207.5
"Octadecanamide, N,N'-ethylenebis- (8CI)",100.7
Octadecane593453,165
OctadecylBenzene207oC,207
OctamethylCyclotetrasilazane66oC,66
OctamethylCyclotetrasiloxane57oC,57
OctamethylTrisiloxane30oC,30
Octanal,51.85
Octane111659,15
Octanenitrile,72.85
OctanoicAcid124072,-19
Octanoylchloride111648,82
OctylAcetate86oC,86
Octylamine,59.85
OctylBenzene107oC,107
OctylTtriethoxySilane100oC,100
oDiethylbenzene,57.2
oDiethylbenzene135013,57.2
oDinitrobenzene528290,150
oEthyltoluene611143,38.85
oFluorotoluene95523,12.8
oNitrotoluene88722,106
oToluidine95534,85
otPentylphenol3279274,103.9
Oxirane-2-carboxamide,240.8
oXylene95476,32
pAcetotoluide103899,168
pBromotoluene106387,85
pChlorophenylTrimethylSilane49oC,49
pCresol106445,86
pCymen99876,47
pdichlorobenzene,65.85
pDiethylbenzene105055,57
Pentadecane629629,132
Pentadecylbenzene183oC,183
PentaethylBenzene120oC,120
PentamethylDisiloxane-19oC,-19
Pentanal,7.85
pentanamide,94.3
"Pentanamide, 2-ethyl-3-methyl-",119.8
"Pentanamide, N,N-diethyl-4-oxo- (9CI)",110.7
Pentane109660,-49
Pentanenitrile110598,40.6
PentanoicAcid109524,88
PentylAcetate628637,23.9
Pentylbenzene538681,65
Pentylformate638493,26.7
Pentylsalicylate2050080,132
pEthyltoluene,35.85
PhenacylChloride532274,118
PhenethylDimethylChloroSilane70oC,70
PhenethylMethylDichloroSilane80oC,80
PhenethylTrichloroSilane91oC,91
PhenethylTrimethoxySilane109oC,109
Phenetole103731,62.8
"Phenol, 2,4-dimethyl-, phosphate (3:1)",244.6
"Phenol, o-ethyl-, phosphate (6CI,7CI)",256.9
Phenol108952,79
PhenylAcetate122792,80
PhenylDichloroSilane48oC,48
PhenylDimethylAcetoxySilane72oC,72
PhenylDimethylChloroSilane61oC,61
PhenylDimethylSilane38oC,38
PhenylEthylDichloroSilane92oC,92
Phenylisocyante103719,55.6
PhenylIsothiocyanate103720,87.8
Phenylmethanethiol100538,70
PhenylmethylAcetate90oC,90
PhenylMethylChloroSilane82oC,62
PhenylMethylDichloroSilane82oC,82
PhenylMethylDiethoxySilane89oC,89
PhenylMethylSilane25oC,25
PhenylSilane8oC,8
PhenylTrichloroSilane91oC,91
PhenylTriethoxySilane96oC,96
PhenylTrifluoroSilane-5oC,10
PhenylTrimethoxySilane86oC,86
PhosphazeneBaseP2ETcas165535455flashp113oC,113
"Phosphonic acid, (1-hydroxyvinyl)-, dimethyl ester, dimethyl phosphate",144.5
"Phosphonic diamide, P-(5-amino-3-phenyl-1H-1,2,4-triazol-1-yl)-N,N,N',",239.1
"Phosphoric triamide, hexamethyl-",94.7
"Phthalamide, N,N'-dimethyl-N,N'-dinitroso- (8CI)",186.6
Phthalan,62.85
PhthalicAnhydride,151.85
Pinacolone,4.85
Piperidine110894,16
PivalicAcid,63.85
pPhenetidine156434,116.1
"Propanamide, 2-bromo- (9CI)",104
"Propanamide, 2-hydroxy-N-(2-hydroxyethyl)-",183.8
"Propanamide, 2-methyl-N-phenyl- (9CI)",185.8
"Propanamide, 3-((4-bromophenyl)amino)-N,N-dimethyl- (9CI)",194.6
"Propanamide, 3-chloro-N-(phenylmethyl)- (9CI)",187.8
"Propanamide, N-(3,4-dichlorophenyl)-",177.5
"Propanamide, N-phenyl-N-(1-(2-phenylethyl)-4-piperidinyl)- (9CI)",185.8
Propane,-104.15
PropanoicAcid79094,51
PropanoylChloride,11.85
PropargyloxytrimethylSilane27oC,27
Propene,-108.15
Propionaldehyde123386,-30
Propionamide,84.9
PropionicAnhydride,62.85
Propionitrile107120,2
Propionylchloride79038,12
Propyl2propenoat20oC,20
Propylacetate109604,12
propylamine,-26.15
Propylbenzene103651,47
Propylbutyrate105668,37
propylcyclohexane,34.85
PropyleneGlycol,50.85
PropyleneOxide,-37.15
Propylformate110747,-3
Propylnitrate627134,20
PropylTrisdimethylsiloxySilane50oC,50
"Pseudourea, 1-methyl-2-thio- (7CI)",39.1
ptertPentylaniline2049925,101.7
"p-Toluenesulfonamide, N-(5-isobutyl-1,3,4-thiadiazol-2-yl)-",234.8
pToluidine106490,87
pTolylDimethylChloroSilane67oC,67
pTolylMethylDichloroSilane80oC,80
pTolylTrichloroSilane92oC,92
pTolylTrimethylSilane46oC,46
ptPentylphenylacetate,115.6
pXylene,26.85
"Pyrazinecarboxamide, 3,5-diamino-N-(aminoiminomethyl)-6-chloro-",333.7
Pyridine110861,20
Pyrimidine,30.85
"Pyrophosphoramide, octamethyl-",147.1
Pyrrole,32.85
Pyrrolidine123751,2.8
Quinoline91225,92
Salicylaldehyde90028,77.8
"Salicylamide, acetate (ester) (8CI)",171.8
"Salicylamide,5-chloro- (6CI,7CI,8CI)",136.2
"Salicylamide,5-chloro- (6CI,7CI,8CI)",136.2
sButylamine33966506,-9
secAmylTrichloroSilane30oC,30
secbutanol,25.85
secButylacetate,15.85
secButylamine,-19.15
secButylbenzene135988,52
secButylsulfide,38.85
"Silane, (3-cyanopropyl)diethoxy(methyl)-",104.1
"Silane, azidotrimethyl-",6
"Silane, chlorotrimethyl-",-18
"Silane, dichlorodimethyl-",-9
"Silane, dichloromethyl-",-32.2
"Silane, dimethoxymethylphenyl-",80
"Silane, dimethylethoxyphenyl-",73.1
"Silane, ethenyltriethoxy-",34
"Silane, hydroxytriphenyl-",188.8
"Silane, methyltrichloro-",-13
"Silane, methyltrimethoxy-",11.1
"Silane, pentyltrichloro-",67.1
"Silane, pentyltriethoxy-",77.9
"Silane, pentyltrimethoxy-",52.2
"Silane, triethoxyoctyl-",101.3
"Silane, trimethoxy-",-4.4
"Silane, trimethoxy(2-(7-oxabicyclo(4.1.0)hept-3-yl)ethyl)-",89.7
"Silane, trimethoxy(3-(oxiranylmethoxy)propyl)-",81.9
"Silane, tris(1,1-dimethylethoxy)ethenyl- (9CI)",114.9
"Silanetetramine, octamethyl-",75.3
Spropylchlorothioformate13889924,62.8
StearicAcid57114,195.85
StertButylThioacetate,32.85
Styrene100425,32
Succinonitrile110612,132.2
"Sulfamide, N-(2,4-dichlorobenzyl)-N-methyl-",203.9
"Sulfanilamide, N1-amidino- (8CI)",249.2
tAmylalcohol75854,41
tbutoxyTrimethylSilane14oC,14
tbutylDimethylChloroSilane22oC,22
tbutylDimethylSilane-22oC,-16.5
tbutylDimethylSilanol45oC,45
tbutyltrichloroSilane21oC,21
tertButylacetate,14.85
tertButylAcetoAcetate,59.85
tertbutylalcohol,3.85
tertButylamine,-9.15
tertbutylbenzene98066,43.85
tertButylCyclohexane,41.85
tertButylFormate,-9.15
tertbutylmethylether1634044,-28.15
tertButylMethylSulfide,-3.15
tertButylNitrite,-23.15
tertButylPropionate,19.85
Tetrachloroethylene,44.85
TetradecamethylHexaSiloxane102oC,102
Tetradecane629594,100
TetraethoxySilane50oC,50
tetraethylsilane,26.1
Tetrahydro2furanmethanol70oC,70
Tetrahydrofuran109999,-14
Tetrahydropyran142687,-20
TetraisocyanatoSilane50oC,50
tetrakis(ethenyl)silane,6.1
TetrakisDimethylsiloxySilane67oC,67
Tetralin119642,71
TetramethoxySilane21oC,21
TetramethylDiethoxySiloxane38oC,38
Tetramethyldisilazne11oC,11
TetramethylDivinylDisiloxane19oC,19
TetramethylSilane-28oC,-28
TetramethylTetravinylCyclotetrasilane112oC,112
TetramethylUreaCAS632224flash65oC,65
TetranpropoxySilane95oC,95
TetravinylSilane18oC,18
Thiacyclopentane,11.85
"Thiodicarbonic diamide (((H2N)C(S))2S), tetramethyl-",111.6
Thioimidodicarbonic diamide (((H2N)C(S))2NH),118.3
"Thioperoxydicarbonic diamide (((H2N)C(S))2S2), tetraethyl-",177
"Thioperoxydicarbonic diamide (((H2N)C(S))2S2), tetramethyl-",139.7
"Thioperoxydicarbonic diamide (((H2N)C(S))2S2), tetrapropyl-",211.3
Thiophene110021,-1.1
Thiophenol108985,50.6
"Thiourea, (2,5-dichlorophenyl)- (9CI)",145.8
"Thiourea, (3-chlorophenyl)- (9CI)",133.2
"Thiourea, 2-propenyl-",69.5
"Thiourea, N,N''-(1,1'-biphenyl)-4,4'-diylbis-",257.3
"Thiourea, N,N'-bis(1-methylethyl)-",74.9
"Thiourea, N,N'-diphenyl-",164.7
"Thiourea, N-phenyl-N'-2-propenyl-",124.4
Toluene108883,4
"trans14dimethylcyclohexane2207047,mol",11.1
trans2buten1ol504610,32.8
Tri2chloroisopropylPhosphate218oC,218
Tribenzylamine,202.85
TributoxyethylPhosphate223oCTEST,223
Tributylamine,71.85
trichloro(2-methylpropyl)silane,48.1
trichloro(3-chloropropyl)silane,69.4
trichloro(chloromethyl)silane,69.4
trichloro(dichloromethyl)silane,79.9
trichloro(hexyl)silane,80.3
trichloro(propyl)silane,40.6
TrichloroAcetaldehyde50oC,50
TrichloroAceticAcid197oC,197
trichloromethylBenzene81oC,81
TrichloroSilane-28oC,-28
Tridecane629505,79
TriethoxyChloroSilane47oC,47
Triethoxymethane,29.85
TriethoxySilane26oC,26
triethyl(fluoro)silane,19
triethyl(hydroxy)silane,57.222
triethyl(triethylsilyloxy)silane,77
TriethylAcetoxySilane41oC,41
TriethylChloroSilane30oC,30
Triethylenetetramine112243,135
Triethylorthoformate122510,30
Triethylphosphate130oC,130
TriethylSilane-3oC,-2
TrifluoroAceticAcid71oC,71
TrifluoromethylBenzene12oC,12
TriisopropylSilane37oC,37
Trimethoxychlorosilane22oC,22
Trimethoxymethane,14.85
trimethyl(2-trimethylsilylethynyl)silane,17.1
trimethyl(phenoxy)silane,42.756
trimethyl(prop-2-enyl)silane,7.2
Trimethylamine,-6.15
TrimethylBromoSilane-3oC,-3
Trimethylchlorosilane-27oC,-27
TrimethylFluoroSilane-35oC,-35
TrimethylnPropoxySilane10oC,10
TrimethylPhenylSilane40oC,40
Trimethylphosphite,26.85
TrimethylSilane-69oC,-69
TrimethylSilylIsothiocyanate35oC,35
TrimethylsilylTrifluoroacetate0oC,0
TrimethylVinylSilane-34oC,-34
Trinpropylchlorosilane76oC,76
TrinPropylSilane43oC,43
Trioctylamine184oC,184
TrioctylPhosphate,218
TripentylAmine103oC,103
TriphenylPhosphate220oC,220
tripropan-2-yl phosphate,102.4
TripropylAmine29oC,29
TripropyleneGlycolMonomethylEther20324338,121
TripropylPhosphate113oC,113
Tris2chloroethylPhosphate232oC,232
Tris2ethylhexylPhosphate207oC,207
TrisdimethylaminoSilane25oC,25
"Trisiloxane, 1,1,1,3,3,5,5,5-octamethyl-",29
TrisTrimethylSiloxyMethylSilane63oC,63
TrivinylMethylSilane15oC,15
Undecane1120214,60
Undecylbenzene,143.85
"Urea, (1-ethylcyclopentyl)-",99.2
"Urea, (1-methylcyclohexyl)-",100.5
"Urea, (1-methylcyclopentyl)-",87.8
"Urea, (3,4-dichlorophenyl)-",136.5
"Urea, (4-ethoxyphenyl)- (9CI)",134.6
"Urea, (p-chlorophenyl)- (8CI)",118.1
"Urea, (phenylmethyl)- (9CI)",124.9
"Urea, 1-(1-naphthyl)-2-thio-",182.1
"Urea, 1-(3,4-dichlorophenyl)-3-methyl- (6CI,7CI,8CI)",132.4
"Urea, 1-(o-chlorophenyl)-2-thio-",131.1
"Urea, 1,1,3,3-tetramethyl-",53.9
"Urea, 1,1,3,3-tetramethyl-2-thio-",190
"Urea, 1,1,3-tributyl-2-thio- (8CI)",143.4
"Urea, 1,1,3-trimethyl-3-nitroso-",43.7
"Urea, 1,1-dimethyl-3-(alpha,alpha,alpha-trifluoro-m-tolyl)-",150
"Urea, 1,3-bis(hydroxymethyl)- (8CI)",232.3
"Urea, 1,3-dicyclohexyl-2-thio-",162.6
"Urea, 1,3-diethyl-2-thio-",56.2
"Urea, 1,3-dimethyl-2-thio-",200
"Urea, 1-butyl-2-thio-",76.1
"Urea, 1-dodecyl-2-thio-",161.6
"Urea, 1-ethyl-3-phenyl-2-thio- (8CI)",114
"Urea, 1-methyl-1-nitroso- (8CI)",53.1
"Urea, 1-phenyl-2-thio-",115.1
"Urea, 3-(chloro-2-norbornyl)-1,1-dimethyl-",194.9
"Urea, 3-(p-(p-chlorophenoxy)phenyl)-1,1-dimethyl-",231.6
"Urea, 3-(p-chlorophenyl)-1-methyl-1-(1-methyl-2-propynyl)-",192.6
"Urea, 3-cyclooctyl-1,1-dimethyl-",171.2
"Urea, butyl-",62.3
"Urea, N-(2,5-dioxo-4-imidazolidinyl)-",232
"Urea, N-(2-methylcyclohexyl)-N'-phenyl- (9CI)",121.5
"Urea, N'-(3,4-dichlorophenyl)-N,N-dimethyl-",186.7
"Urea, N'-(3,4-dichlorophenyl)-N-methoxy-N-methyl-",11
"Urea, N-(4-chlorophenyl)-N'-(3,4-dichlorophenyl)-",162
"Urea, N'-(4-chlorophenyl)-N,N-dimethyl-",170.8
"Urea, N'-(chlorobicyclo(2.2.1)hept-2-yl)-N,N-dimethyl-",194.9
"Urea, N,N'-diethyl-N,N'-diphenyl-",150.8
"Urea, N,N'-dimethyl-",124.3
"Urea, N,N-dimethyl-N'-(octahydro-4,7-methano-1H-inden-5-yl)-",193.2
"Urea, N,N-dimethyl-N'-phenyl-",153.3
"Urea, N,N'-diphenyl-",91.1
"Urea, N,N-diphenyl-",170.7
"Urea, N-2-propen-1-yl-",55.3
"Urea, N-methyl-N'-phenyl- (9CI)",98.9
"Urea, N-nitroso-N-2-propenyl- (9CI)",76
"Urea, tetrabutyl-",132
"Urea, thio- (8CI)",66.8
"Urea,1,3-dibutyl-2-thio- (8CI)",105.9
Urea57136flash72,72
Valeraldehyde110623,11.85
"Valeramide, 2-propyl-",119.9
Valeronitrile110598,39.85
Vinylacetate108054,-8
VinylDiethylMethylSilane15oC,15
VinylDimethylEthoxySilane4oC,4
Vinylmethyldichlorosilane4oC,4
VinylMethylDiethoxySilane16oC,16
VinylPentamethylDisiloxane12oC,12
VinylTriacetoxySilane88oC,88
Vinyltrichlorosilane21oC,15.5
VinylTriethoxySilane34oC,39
VinylTriethylSilane25oC,29
VinylTrimethoxySilane23oC,23
VinylTrimethylSilane-20oC,-20
YZDPTMDS,156
YZMTT101537,285
YZPDES12,256
YZPDES6,170
YZPDMS16,163
YZPMM10152,275
YZTPhDMS,181
Z11DMDOU,1
Z1deceneTrimer,2
ZAmide2ATEPDA,3
ZbADS1,4
ZbCMDEU,5
ZbCMDHU,6
ZbCMDMU,7
ZbDBPButane,8
ZbDBPPropane,9
ZbDEPDEE,10
ZbDEPDS,11
ZbDEPEGDEE,12
ZbDEPEthane,13
ZbDEPMethane,14
ZbDEPPropane,15
ZbDMPButane,16
ZbDMPDMS,17
ZbDMPM,18
ZbDMPPropane,19
ZbisHFPrH,20
ZBisilane1,21
ZBisilane2,22
ZbisMBBDA,23
ZbisMHBDA,24
ZbisMOBDA,25
ZbisNFBH,26
ZbisoTolylpTolylPhosphate,27
ZbisPFEH,28
ZbisTFEDMEDA,29
ZbisTFEH,30
ZbMDHSI,31
ZbNFBI,32
ZbTBSB,33
ZbTESB,34
ZbTFEI,35
ZbTHSB,36
ZbTMSB,37
ZbTMSEI,38
ZbTMSMisosorbide,39
ZbTOSB,40
ZbUDS1,41
ZButylDiphenylPhosphate,42
ZCarbamateH173,43
ZDBbTMSPBDA,44
ZDBDEPDA,45
ZDBDHBDA,46
ZDBDMPBA,47
ZDBDMTMSSP,48
ZDBMBPS,49
ZDBMPBDA,50
ZDBOA,51
ZDBPAN,52
ZDBPB,53
ZDBPButylDimer,54
ZDBPCH,55
ZDBPEB,56
ZDBPFPA,57
ZDBPH,58
ZDBPMB,59
ZDBPMCH,60
ZDBPMCP,61
ZDBPN,62
ZDBPO,63
ZDBPP,64
ZDEDEHU,65
ZDEDHU,66
ZDEDOU,67
ZDEGbDMC,68
ZDEHBA,69
ZDEHC,70
ZDEHPEH,71
ZDEPAN,72
ZDEPB,73
ZDEPButylDimer,74
ZDEPCPCN,75
ZDEPD,76
ZDEPDD,77
ZDEPEBN,78
ZDEPEthylDimer,79
ZDEPMB,80
ZDEPN,81
ZDEPO,82
ZDEPPropylDimer,83
ZDHI,84
ZDHMBPS,85
ZDHMCA,86
ZDHPH,87
ZdiBPH,88
ZdiBPO,89
ZDibutylIsosorbide,90
ZDibutylPhenylPhosphate,91
ZDiethylDiethylhexylUrea,92
ZDiethylhexylIsosorbide,93
ZDiethylIsosorbide,94
ZDimethoxyDiglycolIsosorbide,95
ZDimethoxyTriglycolIsosorbide,96
ZDimethylIsosorbide,97
ZDiPDHU,98
ZdiPPO,99
ZDMDEHU,100
ZDMDHU,101
ZDMDOBDA,102
ZDMDPeU,103
ZDMPD,104
ZDMPDD,105
ZDMPEthylDimer,106
ZDMPN,107
ZDMPO,108
ZDODOU,109
ZDOI,110
ZDPBzP,111
ZDPDMPDP,112
ZDPeMCA,113
ZDPhDMTMSSP,114
ZDPhPMTMS,115
ZDPPB,116
ZDPPButylDimer,117
ZEDEPA,118
ZEDEPBO,119
ZEPhPButylDimer,120
ZHexylTetraEthylbiUret,121
ZMBMHBDA,122
ZMBMPBDA,123
ZmDEPBenzene,124
ZMDHNFBS,125
ZMethylBenzylDioctylSilane,126
ZMethylCyclohexylDioctylSilane,127
ZMethylDibenzylOctylSilane,128
ZMethylDicyclohexylOctylSilane,129
ZMethylDihexylOctylSilane,130
ZMethylDihexylPhenylSilane,131
ZMethylDioctylPhenylSilane,132
ZMethylHexylDioctylSilane,133
ZMethylHexylDiphenylSilane,134
ZMethylHexylOctylPhenylSilane,135
ZMethylOctylDiphenylSilane,136
ZMethylTbranchedPDES3x3,137
ZMethylTbranchedPDES3x4,138
ZMethylTbranchedPDES3x5,139
ZMethylTbranchedPDMS3x5,140
ZMethylTribenzylSilane,141
ZMethylTributylSilane,142
ZMethylTricyclohexylSilane,143
ZMethylTridecylSilane,144
ZMethylTrihexylSilane,145
ZMethylTrihexylUrea,146
ZMethylTrinonylSilane,147
ZMethylTrioctylSilane,148
ZMethylTrioctylUrea,149
ZMethylTriphenylSilane,150
ZMNFDOS,151
ZMTHSdimer,152
ZmTolylbisoTolylPhosphate,153
ZmTolyloTolylpTolylPhosphate,154
ZMTOSdimer,155
ZN3P3BD2OG,156
ZN3P3BD2PD,157
ZN3P3BD2TFE2,158
ZN3P3BD2TMS2,159
ZN3P3BD2TMSE2,160
ZN3P3BD2TMSM2,161
ZN3P3BD3,162
ZN3P3BDHGPD,163
ZN3P3BDOGPD,164
ZN3P3BDPD2,165
ZN3P3BDPDTFE2,166
ZN3P3butyleneGlycol3,167
ZN3P3CatBD2,168
ZN3P3CatBDHG,169
ZN3P3CatBDOG,170
ZN3P3CatBDPD,171
ZN3P3Catechol1tbC2,172
ZN3P3Catechol2tbc1,173
ZN3P3Catechol3,174
ZN3P3CatPD2,175
ZN3P3CatPDOG,176
ZN3P3DMP3ph1mcr1pcr1,177
ZN3P3DMP3TFE3,178
ZN3P3EGME3ph1mcr1pcr1,179
ZN3P3EGMEPD2Ph,180
ZN3P3HG3,181
ZN3P3ITC6,182
ZN3P3OG3,183
ZN3P3PD2TFE2,184
ZN3P3PDOGTFE2,185
ZN3P3PGME3ph1mcr1pcr1,186
ZN3P3propanediol3,187
ZN3P3propyleneGlycol3,188
ZN3P3SiO3ph1mcr1pcr1,189
ZN3P3tbCatechol3,190
ZN3P3TFE3OMe3,191
ZN3P3tfe3ph1mcr1pcr1Compound17,192
ZN3P3TMSE3phmcrpcr,193
ZoctylNNdiethylcarbamate,194
ZoctylNNdiisopropylcarbamate,195
ZODBC,196
ZoDEPBenzene,197
ZPDBS6,198
ZPDBS8,199
ZPDEcoDBS8,200
ZPDEcoDBS9handbuilt,201
ZPdEcoPMS91,202
ZPdEcoPMS92,203
ZPdEcoPMS94,204
ZpDEPBenzene,205
ZPDES9,206
ZPdMcodES10,207
ZPDPS8,208
ZPentaEthylbiUret,209
ZPFE45,210
ZPMDMPMSiloxane,211
ZPMM10154,212
ZSi3A,213
ZSi3EthylAlkane,214
ZSi3PhenylAlkane,215
ZSi5A,216
ZSi5alkene,217
ZTBBDA,218
ZTBBPS,219
ZTBDGDA,220
ZTBHDA,221
ZTBHFPrBDA,222
ZTBNFBBDA,223
ZTBOxA,224
ZTBPDA,225
ZTBPFEBDA,226
ZTBPrDA,227
ZTBTMSPBDA,228
ZTEBbU,229
ZTEBDA,230
ZTEEbU,231
ZTEHbU,232
ZTEHDA,233
ZTetrabutylUrea,234
ZTetraethylSilane32oC,235
ZTetrahexylUrea,236
ZTetramethylSilane-27oC,237
ZTetranButylSilane75oC,238
ZTHBDA,239
ZTHMBDA,240
ZTiBP,241
ZTiPMDP,242
ZTMBPS,243
ZTMEU,244
ZTMPEO3CH33,245
ZTMPEOOH3,246
ZTMPhCTS,247
ZTMSMIsosorbide,248
ZTPPDP,249
ZTPPMTS,250
ZTPrBDA,251
ZTributylPhosphate,252
ZTricresylPhosphate,253
ZTrihexylPhosphate,254
ZTrioctylPhosphate,255
ZTrioTolylPhosphate,256
Ztris2butoxyethylPhosphate,257
Ztris2ethylhexylPhosphate,258
ZTris2trimethylsilylEthylPhosphate,259
ZTris2trimethylsilylpropylPhosphate,260
ZTrisEthylDimethylSilylPhosphate,261
ZTrisTrisethylSilylPhosphate,262
ZTrisTrismethylSilylPhosphate,263
ZUrea2A,264
ZUrea2B,265
