compound,flashpoint,pure substance,smiles,source
tetramethylsilane,246.15,1,C[Si](C)(C)C,pubchem
chloro(trimethyl)silane,255.15,1,C[Si](C)(C)Cl,pubchem
dichloro(dimethyl)silane,264.15,1,C[Si](C)(Cl)Cl,pubchem
trichloro(methyl)silane,264.15,1,C[Si](Cl)(Cl)Cl,pubchem
trichloro(ethenyl)silane,294.15,1,C=C[Si](Cl)(Cl)Cl,pubchem
tetraethyl silicate,310.15,1,CCO[Si](OCC)(OCC)OCC,pubchem
dichloro(diphenyl)silane,415.15,1,C1=CC=C(C=C1)[Si](C2=CC=CC=C2)(Cl)Cl,pubchem
trichloro(phenyl)silane,364.15,1,C1=CC=C(C=C1)[Si](Cl)(Cl)Cl,pubchem
trichloro(prop-2-enyl)silane,308.15,1,C=CC[Si](Cl)(Cl)Cl,pubchem
trichloro(pentyl)silane,336.15,1,CCCCC[Si](Cl)(Cl)Cl,pubchem
trichloro(octadecyl)silane,362.15,1,CCCCCCCCCCCCCCCCCC[Si](Cl)(Cl)Cl,pubchem
trichloro(ethyl)silane,295.15,1,CC[Si](Cl)(Cl)Cl,pubchem
trichloro(propyl)silane,310.15,1,CCC[Si](Cl)(Cl)Cl,pubchem
dichloro-methyl-phenylsilane,301.15,1,C[Si](C1=CC=CC=C1)(Cl)Cl,pubchem
"2,2,4,4,6,6,8,8,10,10,12,12-dodecamethyl-1,3,5,7,9,11-hexaoxa-2,4,6,8,10,12-hexasilacyclododecane",364.15,1,C[Si]1(O[Si](O[Si](O[Si](O[Si](O[Si](O1)(C)C)(C)C)(C)C)(C)C)(C)C)C,pubchem
"2,2,4,4,6,6,8,8,10,10-decamethyl-1,3,5,7,9,2,4,6,8,10-pentaoxapentasilecane",346.15,1,C[Si]1(O[Si](O[Si](O[Si](O[Si](O1)(C)C)(C)C)(C)C)(C)C)C,pubchem
"2,2,4,4,6,6,8,8-octamethyl-1,3,5,7,2,4,6,8-tetraoxatetrasilocane",328.15,1,C[Si]1(O[Si](O[Si](O[Si](O1)(C)C)(C)C)(C)C)C,pubchem
tetramethyl silicate,369.15,1,CO[Si](OC)(OC)OC,pubchem
3-triethoxysilylpropan-1-amine,371.15,1,CCO[Si](CCCN)(OCC)OCC,pubchem
[dimethyl-(trimethylsilylamino)silyl]methane,282.15,1,C[Si](C)(C)N[Si](C)(C)C,pubchem
trichloro(chloromethyl)silane,342.15,1,C([Si](Cl)(Cl)Cl)Cl,pubchem
dichloro(diethyl)silane,297.15,1,CC[Si](CC)(Cl)Cl,pubchem
3-trimethoxysilylpropyl 2-methylprop-2-enoate,365.15,1,CC(=C)C(=O)OCCC[Si](OC)(OC)OC,pubchem
trichloro(hexadecyl)silane,419.15,1,CCCCCCCCCCCCCCCC[Si](Cl)(Cl)Cl,pubchem
butyl(trichloro)silane,325.15,1,CCCC[Si](Cl)(Cl)Cl,pubchem
dimethyl-bis(trimethylsilyloxy)silane,408.15,1,C[Si](C)(C)O[Si](C)(C)O[Si](C)(C)C,pubchem
trimethyl(trimethylsilyloxy)silane,243.15,1,C[Si](C)(C)O[Si](C)(C)C,pubchem
trimethyl-[methyl-bis(trimethylsilyloxy)silyl]oxysilane,359.15,1,C[Si](C)(C)O[Si](C)(O[Si](C)(C)C)O[Si](C)(C)C,pubchem
trichloro(cyclohexyl)silane,364.15,1,C1CCC(CC1)[Si](Cl)(Cl)Cl,pubchem
dimethyl-octadecyl-(3-trimethoxysilylpropyl)azanium;chloride,288.15,1,CCCCCCCCCCCCCCCCCC[N+](C)(C)CCC[Si](OC)(OC)OC.[Cl-],pubchem
InChI=1S/Cl3Si/c1-4(2)3,259.15,1,[Si](Cl)(Cl)Cl,pubchem
"trichloro-(3,4-dichlorophenyl)silane",414.15,1,C1=CC(=C(C=C1[Si](Cl)(Cl)Cl)Cl)Cl,pubchem
InChI=1S/C2H6ClSi/c1-4(2)3/h1-2H3,264.15,1,C[Si](C)Cl,pubchem
InChI=1S/Cl2Si/c1-3-2,245.15,1,[Si](Cl)Cl,pubchem
"InChI=1S/C2H5Cl2Si/c1-2-5(3)4/h2H2,1H3",272.15,1,CC[Si](Cl)Cl,pubchem
InChI=1S/CH3Cl2Si/c1-4(2)3/h1H3,247.15,1,C[Si](Cl)Cl,pubchem
"InChI=1S/C6H15O3Si/c1-4-7-10(8-5-2)9-6-3/h4-6H2,1-3H3",300.15,1,CCO[Si](OCC)OCC,pubchem
InChI=1S/CH3ClSi/c1-3-2/h1H3,264.15,1,C[Si]Cl,pubchem
ethoxy(trioxido)silane,310.15,1,CCO[Si]([O-])([O-])[O-],pubchem
Trichlorosilane,245.15,1,Cl[SiH](Cl)Cl,chen14
Methyltrichlorosilane,276.15,1,C[Si](Cl)(Cl)Cl,chen14
Vinyltrichlorosilane,294.15,1,C(=C)[Si](Cl)(Cl)Cl,chen14
Dichloromethylmethyldichlorosilane,301.15,1,ClC(Cl)[Si](Cl)(Cl)C,chen14
Ethyltrichlorosilane,263.15,1,C(C)[Si](Cl)(Cl)Cl,chen14
Dimethylchlorosilane,245.15,1,C[SiH](Cl)C,chen14
Ethylsilane,213.15,1,C(C)[SiH3],chen14
"Trichloro(3,3,3-trifluoropropyl)silane",288.15,1,Cl[Si](CCC(F)(F)F)(Cl)Cl,chen14
Allyltrichlorosilane,304.15,1,C(C=C)[Si](Cl)(Cl)Cl,chen14
3-Chloropropyltrichlorosilane,357.15,1,ClCCC[Si](Cl)(Cl)Cl,chen14
n-Propyltrichlorosilane,310.15,1,C(CC)[Si](Cl)(Cl)Cl,chen14
Chloromethyldimethylchlorosilane,295.15,1,ClC[Si](Cl)(C)C,chen14
Trimethyl bromosilane,270.15,1,C[Si](Br)(C)C,chen14
Trimethylchlorosilane,255.15,1,C[Si](Cl)(C)C,chen14
Trimethylfluorosilane,238.15,1,C[Si](F)(C)C,chen14
Trimethoxysilane,264.15,1,CO[SiH](OC)OC,chen14
2-Cyanoethylmethyldichlorosilane,333.15,1,C(#N)CC[Si](Cl)(Cl)C,chen14
Allylmethyldichlorosilane,300.15,1,C(C=C)C[SiH](Cl)Cl,chen14
t-Butyltrichlorosilane,294.15,1,C(C)(C)(C)[Si](Cl)(Cl)Cl,chen14
Isobutyltrichlorosilane,310.15,1,C(C(C)C)[Si](Cl)(Cl)Cl,chen14
n-Butyltrichlorosilane,327.15,1,C(CCC)[Si](Cl)(Cl)Cl,chen14
Trimethylsilylisothiocyanate,308.15,1,C[Si](C)(C)N=C=S,chen14
n-Propylmethyldichlorosilane,300.15,1,C(CC)[Si](Cl)(Cl)C,chen14
Bromomethyltrimethylsilane,289.15,1,BrC[Si](C)(C)C,chen14
ETHYLDIMETHYLCHLOROSILANE,269.15,1,C(C)[Si](Cl)(C)C,chen14
Methoxytrimethylsilane,243.15,1,CO[Si](C)(C)C,chen14
Dimethyldimethoxysilane,265.15,1,C[Si](OC)(OC)C,chen14
Methyltrimethoxysilane,284.15,1,C[Si](OC)(OC)OC,chen14
Tetramethoxysilane,294.15,1,CO[Si](OC)(OC)OC,chen14
Tetramethylsilane,245.15,1,C[Si](C)(C)C,chen14
Diethylsilane,253.15,1,C(C)[SiH2]CC,chen14
"(N,N-Dimethylamino)dimethylsilane",260.15,1,CN(C)[SiH](C)C,chen14
Tetraisocyanatosilane,323.15,1,N(=C=O)[Si](N=C=O)(N=C=O)N=C=O,chen14
Cyclopentyltrichlorosilane,350.15,1,C1(CCCC1)[Si](Cl)(Cl)Cl,chen14
Trimethylsilyltrifluoroacetate,273.15,1,C[Si](C)(C)OC(C(F)(F)F)=O,chen14
Cyclopentyldichlorosilane,316.15,1,C1(CCCC1)[SiH](Cl)Cl,chen14
3-Chloro-2-methylpropylmethyldichlorosilane,363.15,1,ClCC(C[Si](Cl)(Cl)C)C,chen14
Methylvinyldimethoxysilane,277.15,1,CC=C[SiH](OC)OC,chen14
Vinyltrimethoxysilane,296.15,1,C(=C)[Si](OC)(OC)OC,chen14
Trimethylvinylsilane,239.15,1,CC(=C(C)C)[SiH3],chen14
Diethylmethylchlorosilane,288.15,1,C(C)[Si](Cl)(C)CC,chen14
Chloromethyldimethylethoxysilane,299.15,1,ClC[Si](OCC)(C)C,chen14
Ethoxytrimethylsilane,246.15,1,C(C)O[Si](C)(C)C,chen14
Ethyltrimethoxysilane,300.15,1,C(C)[Si](OC)(OC)OC,chen14
"(N,N-Dimethylamino)trimethylsilane",254.5,1,CN(C)[Si](C)(C)C,chen14
Pentamethyldisiloxane,254.15,1,C[SiH](O[Si](C)(C)C)C,chen14
Phenylsilane,281.15,1,C1(=CC=CC=C1)[SiH3],chen14
1-Hexenyltrichlorosilane,333.15,1,C(=CCCCC)[Si](Cl)(Cl)Cl,chen14
Cyclohexyltrichlorosilane,358.15,1,C1(CCCCC1)[Si](Cl)(Cl)Cl,chen14
Bis(chloromethyl)tetramethyldisiloxane,346.15,1,ClC[Si](O[Si](C)(C)C)(C)CCl,chen14
Propargyloxytrimethylsilane,300.15,1,C(C#C)O[Si](C)(C)C,chen14
Divinyldimethylsilane,281.15,1,C(=C)[Si](C)(C)C=C,chen14
n-Hexyltrichlorosilane,358.15,1,C(CCCCC)[Si](Cl)(Cl)Cl,chen14
Hexyldichlorosilane,337.15,1,C(CCCCC)[SiH](Cl)Cl,chen14
"1,1 -Dimethyl-1-sila-2-oxacyclohexane",287.15,1,C[Si]1(OCCCC1)C,chen14
Acetoxymethyltrimethylsilane,293.15,1,C(C)(=O)OC[Si](C)(C)C,chen14
Allyltrimethylsilane,280.15,1,C(C=C)[Si](C)(C)C,chen14
Triethylchlorosilane,303.15,1,C(C)[Si](Cl)(CC)CC,chen14
t-Butyldimethylchlorosilane,295.15,1,C(C)(C)(C)[Si](Cl)(C)C,chen14
3-Chloropropylmethyldimethoxysilane,318.15,1,ClCCC[Si](OC)(OC)C,chen14
Trimethyl-n-propoxysilane,283.15,1,C[Si](OCCC)(C)C,chen14
t-Butyldimethylsilanol,318.15,1,C(C)(C)(C)[Si](O)(C)C,chen14
Dimethyldiethoxysilane,284.15,1,C[Si](OCC)(OCC)C,chen14
Triethylsilane,270.15,1,C(C)[SiH](CC)CC,chen14
Hexylsilane,285.15,1,C(CCCCC)[SiH3],chen14
t-Butyld imethyl silane,251.15,1,C(C)(C)(C)[SiH](C)C,chen14
Bis(dimethylamino)dimethylsilane,266.15,1,CN(C)[Si](C)(C)N(C)C,chen14
Hexamethylcyclotrisiloxane,305.15,1,C[Si]1(O[Si](O[Si](O1)(C)C)(C)C)C,chen14
Hexamethyldisilthiane,299.15,1,C[Si](S[Si](C)(C)C)(C)C,chen14
Hexamethyldisilazane,281.15,1,C[Si](N[Si](C)(C)C)(C)C,chen14
Tris(dimethylamino)silane,298.15,1,CN(C)[SiH](N(C)C)N(C)C,chen14
Hexamethyltrisiloxane,293.15,1,C[Si](O[SiH2]O[Si](C)(C)C)(C)C,chen14
Phenylmethyldichlorosilane,340.15,1,C1(=CC=CC=C1)C[SiH](Cl)Cl,chen14
Phenylmethylchlorosilane,355.15,1,C1(=CC=CC=C1)C[SiH2]Cl,chen14
Methyltriacetoxysilane,358.15,1,C[Si](OC(C)=O)(OC(C)=O)OC(C)=O,chen14
Trivinylmethylsilane,288.15,1,C(=C)C(C=C)(C=C)[SiH3],chen14
Cyclohexylmethyldichlorosilane,355.15,1,C1(CCCCC1)C[SiH](Cl)Cl,chen14
"1-(Trimethylsiloxy)-1,3-butadiene",298.15,1,C[Si](OC=CC=C)(C)C,chen14
2-Chloromethyl-3-trimethylsilyl-1-propene,316.15,1,ClCC(=C)C[Si](C)(C)C,chen14
n-Heptyltrichlorosilane,337.15,1,C(CCCCCC)[Si](Cl)(Cl)Cl,chen14
n-Hexylmethyldichlorosilane,358.15,1,C(CCCCC)[Si](Cl)(Cl)C,chen14
Vinylmethyldiethoxysilane,289.15,1,C(=C)C[SiH](OCC)OCC,chen14
N-(Trimethylsilyl)morpholine,300.15,1,C[Si](N1CCOCC1)(C)C,chen14
t-Butoxytrimethylsilane,287.15,1,C(C)(C)(C)O[Si](C)(C)C,chen14
(1-Methoxy-2-propoxy)trimethylsilane,293.15,1,COCC(C)O[Si](C)(C)C,chen14
Methyltriethoxysilane,297.15,1,C[Si](OCC)(OCC)OCC,chen14
(Diethylamino)trimethylsilane,283.15,1,C(C)N(CC)[Si](C)(C)C,chen14
Bis(trimethylsilyl)methane,285.15,1,C[Si](C)(C)C[Si](C)(C)C,chen14
Heptamethyldisilazane,300.15,1,C[Si](N([Si](C)(C)C)C)(C)C,chen14
Bis(trimethylsiloxy)methylsilane,296.15,1,C[Si](OC(O[Si](C)(C)C)[SiH3])(C)C,chen14
Tetravinylsilane,291.15,1,C(=C)[Si](C=C)(C=C)C=C,chen14
Cyclopentadienyltrimethylsilane,302.15,1,C1(C=CC=C1)[Si](C)(C)C,chen14
(Cyclopentenyloxy)trimethylsilane,311.15,1,C1(=CCCC1)O[Si](C)(C)C,chen14
"(2,4-Pentadienyl)trimethylsilane",291.15,1,C(C=CC=C)[Si](C)(C)C,chen14
n-Octyltrichlorosilane,369.15,1,C(CCCCCCC)[Si](Cl)(Cl)Cl,chen14
n-Heptylmethyldichlorosilane,339.15,1,C(CCCCCC)[Si](Cl)(Cl)C,chen14
Tetramethyldivinyldisiloxane,292.15,1,C[Si](O[Si](C=C)(C=C)C)(C)C,chen14
Triethylacetoxysilane,314.15,1,C(C)C(C(=O)O[SiH3])(CC)CC,chen14
Vinyltriethoxysilane,307.15,1,C(=C)[Si](OCC)(OCC)OCC,chen14
"1,3-Divinyltetramethyldisilazane",307.15,1,C(=C)[Si](N[Si](C=C)(C)C)(C)C,chen14
Diethyldiethoxysilane,316.15,1,C(C)[Si](OCC)(OCC)CC,chen14
Tetraethoxysilane,323.15,1,C(C)O[Si](OCC)(OCC)OCC,chen14
Tetraethylsilane,305.15,1,C(C)[Si](CC)(CC)CC,chen14
Aminoethylaminopropyltrimethoxysilane,269.15,1,NCCNCCC[Si](OC)(OC)OC,chen14
Tetramethyldiethoxysiloxane,311.15,1,CC(C(O[Si]([O])OCC)(C)C)C,chen14
Octamethyltrisiloxane,303.15,1,C[Si](O[Si](O[Si](C)(C)C)(C)C)(C)C,chen14
Octamethylcyclotetrasiloxane,330.15,1,C[Si]1(O[Si](O[Si](O[Si](O1)(C)C)(C)C)(C)C)C,chen14
Octamethylcyclotetrasilazane,339.15,1,C[Si]1(N[Si](N[Si](N[Si](N1)(C)C)(C)C)(C)C)C,chen14
Tetrakisdimethylsiloxysilane,340.15,1,C[SiH](O[Si](O[SiH](C)C)(O[SiH](C)C)O[SiH](C)C)C,chen14
p-Chlorophenyltrimethylsilane,322.15,1,ClC1=CC=C(C=C1)[Si](C)(C)C,chen14
Phenyltrimethoxysilane,358.15,1,C1(=CC=CC=C1)[Si](OC)(OC)OC,chen14
Trimethylphenylsilane,313.15,1,C[Si](C1=CC=CC=C1)(C)C,chen14
Cyclohexylmethyldimethoxysilane,343.15,1,C1(CCCCC1)C[SiH](OC)OC,chen14
Hexyltrimethoxysilane,335.15,1,C(CCCCC)[Si](OC)(OC)OC,chen14
Triisopropylsilane,310.15,1,C(C)(C)[SiH](C(C)C)C(C)C,chen14
Tri-n-propylsilane,316.15,1,C(CC)[SiH](CCC)CCC,chen14
Propyltris(dimethylsiloxy)silane,323.15,1,C(CC)[Si](O[SiH](C)C)(O[SiH](C)C)O[SiH](C)C,chen14
Benzyltrimethylsilane,335.15,1,C(C1=CC=CC=C1)[Si](C)(C)C,chen14
3-Methacryloxypropyltrimethoxysilane,365.15,1,C(C(=C)C)(=O)OCCC[Si](OC)(OC)OC,chen14
1-Heptynyltrimethylsilane,315.15,1,C(#CCCCCC)[Si](C)(C)C,chen14
n-Octyldimethylchlorosilane,370.15,1,C(CCCCCCC)[Si](Cl)(C)C,chen14
Bis(diethylamino)dimethylsilane,308.15,1,C(C)N(CC)[Si](C)(C)N(CC)CC,chen14
Decamethyltetrasiloxane,335.15,1,C[Si](O[Si](O[Si](O[Si](C)(C)C)(C)C)(C)C)(C)C,chen14
Decamethylcyclopentasiloxane,350.15,1,C[Si]1(O[Si](O[Si](O[Si](O[Si](O1)(C)C)(C)C)(C)C)(C)C)C,chen14
"2-(3,4-epoxycyclohexyl)ethyltrimethoxysilane",419.15,1,C1(CC2C(CC1)O2)CC[Si](OC)(OC)OC,chen14
n-Decylmethyldichlorosilane,393.15,1,C(CCCCCCCCC)[Si](Cl)(Cl)C,chen14
Vinyltriethylsilane,318.15,1,C(=C)[Si](CC)(CC)CC,chen14
Diphenyldichlorosilane,415.15,1,C1(=CC=CC=C1)[Si](Cl)(Cl)C1=CC=CC=C1,chen14
Phenyltriethoxysilane,393.15,1,C1(=CC=CC=C1)[Si](OCC)(OCC)OCC,chen14
Diphenylsilane,371.15,1,C1(=CC=CC=C1)[SiH2]C1=CC=CC=C1,chen14
"2,4,6,8-Tetravinyl-2,4,6,8-tetramethylcyclotetrasiloxane",385.15,1,C(=C)[Si]1(O[Si](O[Si](O[Si](O1)(C)C=C)(C)C=C)(C)C=C)C,chen14
n-Dodecyltrichlorosilane,435.15,1,C(CCCCCCCCCCC)[Si](Cl)(Cl)Cl,chen14
Tetra-n-propoxysilane,368.15,1,C(CC)O[Si](OCCC)(OCCC)OCCC,chen14
Hexaethyldisiloxane,349.15,1,C(C)[Si](O[Si](CC)(CC)CC)(CC)CC,chen14
Dodecamethylpentasiloxane,352.15,1,C[Si](O[Si](O[Si](O[Si](O[Si](C)(C)C)(C)C)(C)C)(C)C)(C)C,chen14
Dodecamethylcyclohexasiloxane,366.15,1,C[Si]1(O[Si](O[Si](O[Si](O[Si](O[Si](O1)(C)C)(C)C)(C)C)(C)C)(C)C)C,chen14
Methyldiphenylchlorosilane,411.15,1,C[Si](Cl)(C1=CC=CC=C1)C1=CC=CC=C1,chen14
n-Dodecylmethyldichlorosilane,416.15,1,C(CCCCCCCCCCC)[Si](Cl)(Cl)C,chen14
Diphenyldimethoxysilane,394.15,1,C1(=CC=CC=C1)[Si](OC)(OC)C1=CC=CC=C1,chen14
Octyltriethoxysilane,373.15,1,C(CCCCCCC)[Si](OCC)(OCC)OCC,chen14
Tetradecamethylhexasiloxane,375.15,1,C[Si](O[Si](O[Si](O[Si](O[Si](O[Si](C)(C)C)(C)C)(C)C)(C)C)(C)C)(C)C,chen14
Hexadecamethylheptasiloxane,406.15,1,C[Si](O[Si](O[Si](O[Si](O[Si](O[Si](O[Si](C)(C)C)(C)C)(C)C)(C)C)(C)C)(C)C)(C)C,chen14
n-Octadecyltrichlorosilane,466.15,1,C(CCCCCCCCCCCCCCCCC)[Si](Cl)(Cl)Cl,chen14
Octadecamethyloctasiloxane,417.15,1,C[Si](O[Si](O[Si](O[Si](O[Si](O[Si](O[Si](O[Si](C)(C)C)(C)C)(C)C)(C)C)(C)C)(C)C)(C)C)(C)C,chen14
Vinyltris(methoxyethoxy)silane,353.15,1,C(=C)[Si](OCCOC)(OCCOC)OCCOC,chen14
Trimethyl(vinyloxy)silane,263.15,1,C[Si](OC=C)(C)C,chen14
Trichloro(3-cyanopropyl) Silane,365.15,1,Cl[Si](CCCC#N)(Cl)Cl,chen14
Trichloro(2-phenylethyl)silane,364.15,1,Cl[Si](CCC1=CC=CC=C1)(Cl)Cl,chen14
"Chlorodimethyl(3,3,3-trifluoropropyl) silane",293.15,1,Cl[Si](CCC(F)(F)F)(C)C,chen14
Vinylmethylbis (trimethylsiloxy) silane,324.15,1,C(=C)C[SiH](O[Si](C)(C)C)O[Si](C)(C)C,chen14
Trichloro(Chloromethyl) silane,342.15,1,Cl[Si](CCl)(Cl)Cl,chen14
Dimethyl(pentafluorophenyl) silane,313.15,1,C[SiH](C1=C(C(=C(C(=C1F)F)F)F)F)C,chen14
Trichloro(p-chlorophenyl)silane,397.05,1,Cl[Si](C1=CC=C(C=C1)Cl)(Cl)Cl,chen14
Trisilane,273.15,1,[SiH3][SiH2][SiH3],chen14
Trichlorononylsilane,387.15,1,ClC(CCCCCCCC[SiH3])(Cl)Cl,chen14
Dichloroethylsilane,263.75,1,ClC(C[SiH3])Cl,chen14
Trichloro(dichlorophenyl)silane,419.15,1,Cl[Si](C1=C(C(=CC=C1)Cl)Cl)(Cl)Cl,chen14
Tris(trimethylsilyl)silane,328.15,1,C[Si](C)(C)[SiH]([Si](C)(C)C)[Si](C)(C)C,chen14
Tris(trimethylsiloxy)silane,323.15,1,C[Si](O[SiH](O[Si](C)(C)C)O[Si](C)(C)C)(C)C,chen14
Hexadecyltrichlorosilane,427.15,1,C(CCCCCCCCCCCCCCC)[Si](Cl)(Cl)Cl,chen14
Dichlorosilane,236.15,1,Cl[SiH2]Cl,chen14
Dimethyldichlorosilane,257.15,1,C[Si](Cl)(Cl)C,chen14
Bromomethyldimethylchlorosilane,314.15,1,BrC[Si](Cl)(C)C,chen14
Trimethylsilane,204.15,1,C[SiH](C)C,chen14
Dimethylvinylchlorosilane,268.15,1,CC(=C[SiH2]Cl)C,chen14
"1,3-Dichlorotetramethyldisiloxane",288.15,1,Cl[Si](O[Si](Cl)(C)C)(C)C,chen14
"1,1,3,3-Tetramethyldisiloxane",251.15,1,C[SiH](O[SiH](C)C)C,chen14
Tetramethyldisilazane,284.15,1,CN([Si](C)(C)C)[SiH3],chen14
Allyl Dimethylchlorosilane,278.15,1,C(C=C)[Si](Cl)(C)C,chen14
sec-Amyltrichlorosilane,303.15,1,C(C)(CCC)[Si](Cl)(Cl)Cl,chen14
n-Butylmethyldichlorosilane,303.15,1,C(CCC)[Si](Cl)(Cl)C,chen14
Bis(dimethylamino)methylsilane,270.15,1,CN(C)C(N(C)C)[SiH3],chen14
Phenyltrichlorosilane,364.15,1,C1(=CC=CC=C1)[Si](Cl)(Cl)Cl,chen14
Phenyl trifluorosilane,268.15,1,C1(=CC=CC=C1)[Si](F)(F)F,chen14
Dimethyldiacetoxysilane,310.15,1,C[Si](OC(C)=O)(OC(C)=O)C,chen14
1-Trimethylsilylpropyne,270.15,1,C[Si](C#CC)(C)C,chen14
Vinyldimethylethoxysilane,277.15,1,C(=C)[Si](OCC)(C)C,chen14
Allyloxytrimethylsilane,273.15,1,C(C=C)O[Si](C)(C)C,chen14
Allyltrimethoxysilane,319.15,1,C(C=C)[Si](OC)(OC)OC,chen14
3-Chloropropyltrimethoxysilane,348.15,1,ClCCC[Si](OC)(OC)OC,chen14
n-Propyltrimethoxysilane,298.15,1,C(CC)[Si](OC)(OC)OC,chen14
Hexamethyldisiloxane,270.15,1,C[Si](O[Si](C)(C)C)(C)C,chen14
Hexamethyldisilane,272.15,1,C[Si]([Si](C)(C)C)(C)C,chen14
Vinyldiethylmethylsilane,288.15,1,C(=C)[Si](C)(CC)CC,chen14
Isobutyltrimethoxysilane,315.15,1,C(C(C)C)[Si](OC)(OC)OC,chen14
Phenyldimethylchlorosilane,334.15,1,C1(=CC=CC=C1)[Si](Cl)(C)C,chen14
"(N,N-Dimethylamino)triethylsilane",299.15,1,CN(C)[Si](CC)(CC)CC,chen14
Vinyltriacetoxysilane,361.15,1,C(=C)[Si](OC(C)=O)(OC(C)=O)OC(C)=O,chen14
Ethyltriacetoxysilane,377.15,1,C(C)[Si](OC(C)=O)(OC(C)=O)OC(C)=O,chen14
3-(Trimethylsilyl)cyclopentene,299.15,1,C[Si](C1C=CCC1)(C)C,chen14
Vinyltriethylsilane,298.15,1,C(=C)[Si](CC)(CC)CC,chen14
n-Octylsilane,309.15,1,C(CCCCCCC)[SiH3],chen14
Methyl phenyldimethoxysilane,349.15,1,C[Si](OC)(OC)C1=CC=CC=C1,chen14
2-Cyanoethyltriethoxysilane,359.15,1,C(#N)CC[Si](OCC)(OCC)OCC,chen14
3-Glycidoxypropyltrimethoxysilane,383.15,1,C(C1CO1)OCCC[Si](OC)(OC)OC,chen14
Di-t-butylmethylchlorosilane,342.15,1,C(C)(C)(C)[Si](Cl)(C)C(C)(C)C,chen14
Tri-n-propylchlorosilane,349.15,1,C(CC)[Si](Cl)(CCC)CCC,chen14
(Diisopropylamino)trimethylsilane,301.15,1,C(C)(C)N(C(C)C)[Si](C)(C)C,chen14
1-Chlorononamethyltetrasiloxane,347.15,1,Cl[Si](O[Si](O[Si](O[Si](C)(C)C)(C)C)(C)C)(C)C,chen14
Tristrimethylsiloxymethylsilane,336.15,1,C[Si](OC(O[Si](C)(C)C)(O[Si](C)(C)C)[SiH3])(C)C,chen14
Diphenylmethylsilane,393.15,1,C1(=CC=CC=C1)C(C1=CC=CC=C1)[SiH3],chen14
Trimethyl[(1-methylethenyl)oxy]silane,272.15,1,C[Si](OC(=C)C)(C)C,chen14
"Dichloromethyl-3,3,3-trifluoropropylsilane",288.15,1,ClC(Cl)[SiH2]CCC(F)(F)F,chen14
[2-(chloromethoxy)ethyl]trimethylsilane,319.15,1,ClCOCC[Si](C)(C)C,chen14
Iodotrimethylsilane,288.15,1,I[Si](C)(C)C,chen14
Triphenylsilane,416.35,1,C1(=CC=CC=C1)[SiH](C1=CC=CC=C1)C1=CC=CC=C1,chen14
[3-(mercapto)propyl]triethoxysilane,360.93,1,SCCC[Si](OCC)(OCC)OCC,chen14
Hexadecamethylheptasiloxane,406.15,1,C[Si](O[Si](O[Si](O[Si](O[Si](O[Si](O[Si](C)(C)C)(C)C)(C)C)(C)C)(C)C)(C)C)(C)C,chen14
Gamma-aminopropylethoxysilane,369.26,1,NCCC[SiH2]OCC,chen14
Dichlorodiethylsilane,297.15,1,Cl[Si](CC)(CC)Cl,chen14
Dimethylchlorosilane,245.15,1,C[SiH](Cl)C,chen14
TRIS(TRIMETHYLSILOXY)BORON,315.15,1,C[Si](C)(C)OB(O[Si](C)(C)C)O[Si](C)(C)C,gelest_metal-organics
Trichlorosilane,245,1,Cl[SiH](Cl)Cl,pan12
Dichlorosilane,236,1,Cl[SiH2]Cl,pan12
Methyltrichlorosilane,276,1,C[Si](Cl)(Cl)Cl,pan12
Methyldichlorosilane,241,1,C[SiH](Cl)Cl,pan12
Dichloromethylmethyldichlorosilane,301,1,ClC(Cl)[Si](Cl)(Cl)C,pan12
Ethyltrichlorosilane,295,1,C(C)[Si](Cl)(Cl)Cl,pan12
Dimethyldichlorosilane,257,1,C[Si](Cl)(Cl)C,pan12
Dimethylchlorosilane,245,1,C[SiH](Cl)C,pan12
"1,1,1-Trifluoropropyltrichlorosilane",288,1,FC(C(C)[Si](Cl)(Cl)Cl)(F)F,pan12
Allyltrichlorosilane,304,1,C(C=C)[Si](Cl)(Cl)Cl,pan12
Methylvinyldichlorosilane,272,1,CC=C[SiH](Cl)Cl,pan12
3-Chloropropyltrichlorosilane,357,1,ClCCC[Si](Cl)(Cl)Cl,pan12
Bromomethyldimethylchlorosilane,314,1,BrC[Si](Cl)(C)C,pan12
Chloromethyldimethylchlorosilane,295,1,ClC[Si](Cl)(C)C,pan12
Trimethylbromosilane,270,1,C[Si](Br)(C)C,pan12
Trimethylchlorosilane,255,1,C[Si](Cl)(C)C,pan12
Trimethoxysilane,264,1,CO[SiH](OC)OC,pan12
Trimethylsilane,204,1,C[SiH](C)C,pan12
Cyanoethylmethyldichlorosilane,333,1,C(#N)CC[Si](Cl)(Cl)C,pan12
Allylmethyldichlorosilane,300,1,C(C=C)C[SiH](Cl)Cl,pan12
3-Chloropropylmethyldichlorosilane,359,1,ClCCC[Si](Cl)(Cl)C,pan12
t-Butyltrichlorosilane,294,1,C(C)(C)(C)[Si](Cl)(Cl)Cl,pan12
Isobutyltrichlorosilane,310,1,C(C(C)C)[Si](Cl)(Cl)Cl,pan12
n-Butyltrichlorosilane,327,1,C(CCC)[Si](Cl)(Cl)Cl,pan12
n-Propylmethyldichlorosilane,300,1,C(CC)[Si](Cl)(Cl)C,pan12
Bromomethyltrimethylsilane,289,1,BrC[Si](C)(C)C,pan12
Ethyldimethylchlorosilane,269,1,C(C)[Si](Cl)(C)C,pan12
"1,3-Dichlorotetramethyldisiloxane",288,1,Cl[Si](O[Si](Cl)(C)C)(C)C,pan12
Dimethyldimethoxysilane,265,1,C[Si](OC)(OC)C,pan12
Methyltrimethoxysilane,284,1,C[Si](OC)(OC)OC,pan12
Tetramethoxysilane,294,1,CO[Si](OC)(OC)OC,pan12
Tetramethylsilane,245,1,C[Si](C)(C)C,pan12
"(N,N-Dimethylamino)dimethylsilane",260,1,CN(C)[SiH](C)C,pan12
"1,1,3,3-Tetramethyldisiloxane",251,1,C[SiH](O[SiH](C)C)C,pan12
Tetramethyldisilazane,284,1,CN([Si](C)(C)C)[SiH3],pan12
Cyclopentyltrichlorosilane,350,1,C1(CCCC1)[Si](Cl)(Cl)Cl,pan12
Trimethylsilyltrifluoroacetate,273,1,C[Si](C)(C)OC(C(F)(F)F)=O,pan12
Cyclopentyldichlorosilane,316,1,C1(CCCC1)[SiH](Cl)Cl,pan12
Allyldimethylchlorosilane,278,1,C(C=C)[Si](Cl)(C)C,pan12
3-Chloro-2-methylpropylmethyldichlorosilane,363,1,ClCC(C[Si](Cl)(Cl)C)C,pan12
n-Butylmethyldichlorosilane,303,1,C(CCC)[Si](Cl)(Cl)C,pan12
Methylvinyldimethoxysilane,277,1,CC=C[SiH](OC)OC,pan12
Trimethylvinylsilane,239,1,CC(=C(C)C)[SiH3],pan12
Diethylmethylchlorosilane,288,1,C(C)[Si](Cl)(C)CC,pan12
Chloromethyldimethylethoxysilane,299,1,ClC[Si](OCC)(C)C,pan12
Ethyltrimethoxysilane,300,1,C(C)[Si](OC)(OC)OC,pan12
"(N,N-Dimethylamino)trimethylsilane",254,1,CN(C)[Si](C)(C)C,pan12
Bis(dimethylamino)methylsilane,270,1,CN(C)C(N(C)C)[SiH3],pan12
Pentamethyldisiloxane,254,1,C[SiH](O[Si](C)(C)C)C,pan12
Phenyldichlorosilane,333,1,C1(=CC=CC=C1)[SiH](Cl)Cl,pan12
Phenylsilane,281,1,C1(=CC=CC=C1)[SiH3],pan12
1-Hexenyltrichlorosilane,333,1,C(=CCCCC)[Si](Cl)(Cl)Cl,pan12
Bis(chloromethyl)tetramethyldisiloxane,346,1,ClC[Si](O[Si](C)(C)C)(C)CCl,pan12
N-Methyl-N-trimethylsilyltrifluoroacetamide,298,1,CN(C(C(F)(F)F)=O)[Si](C)(C)C,pan12
Propargyloxytrimethylsilane,300,1,C(C#C)O[Si](C)(C)C,pan12
Dimethyldiacetoxysilane,310,1,C[Si](OC(C)=O)(OC(C)=O)C,pan12
Divinyldimethylsilane,281,1,C(=C)[Si](C)(C)C=C,pan12
n-Hexyltrichlorosilane,358,1,C(CCCCC)[Si](Cl)(Cl)Cl,pan12
Vinyldimethylethoxysilane,277,1,C(=C)[Si](OCC)(C)C,pan12
"1,1-Dimethyl-1-sila-2-oxacyclohexane",287,1,C[Si]1(OCCCC1)C,pan12
Allyloxytrimethylsilane,273,1,C(C=C)O[Si](C)(C)C,pan12
Acetoxymethyltrimethylsilane,293,1,C(C)(=O)OC[Si](C)(C)C,pan12
Allyltrimethylsilane,280,1,C(C=C)[Si](C)(C)C,pan12
Triethylchlorosilane,303,1,C(C)[Si](Cl)(CC)CC,pan12
t-Butyldimethylchlorosilane,295,1,C(C)(C)(C)[Si](Cl)(C)C,pan12
3-Chloropropyltrimethoxysilane,348,1,ClCCC[Si](OC)(OC)OC,pan12
Trimethyl-n-propoxysilane,283,1,C[Si](OCCC)(C)C,pan12
t-Butyldimethylsilanol,318,1,C(C)(C)(C)[Si](O)(C)C,pan12
Dimethyldiethoxysilane,284,1,C[Si](OCC)(OCC)C,pan12
Triethylsilane,270,1,C(C)[SiH](CC)CC,pan12
Hexylsilane,285,1,C(CCCCC)[SiH3],pan12
t-Butyldimethylsilane,251,1,C(C)(C)(C)[SiH](C)C,pan12
Bis(dimethylamino)dimethylsilane,266,1,CN(C)[Si](C)(C)N(C)C,pan12
Hexamethylcyclotrisiloxane,305,1,C[Si]1(O[Si](O[Si](O1)(C)C)(C)C)C,pan12
Hexamethyldisilthiane,299,1,C[Si](S[Si](C)(C)C)(C)C,pan12
Hexamethyldisilane,272,1,C[Si]([Si](C)(C)C)(C)C,pan12
Tris(dimethylamino)silane,298,1,CN(C)[SiH](N(C)C)N(C)C,pan12
Hexamethyltrisiloxane,293,1,C[Si](O[SiH2]O[Si](C)(C)C)(C)C,pan12
Phenylmethyldichlorosilane,355,1,C1(=CC=CC=C1)C[SiH](Cl)Cl,pan12
Phenylmethylchlorosilane,355,1,C1(=CC=CC=C1)C[SiH2]Cl,pan12
Trivinylmethylsilane,288,1,C(=C)C(C=C)(C=C)[SiH3],pan12
Cyclohexylmethyldichlorosilane,355,1,C1(CCCCC1)C[SiH](Cl)Cl,pan12
"1-(Trimethylsiloxy)-1,3-butadiene",298,1,C[Si](OC=CC=C)(C)C,pan12
2-Chloromethyl-3-trimethylsilyl-1-propene,316,1,ClCC(=C)C[Si](C)(C)C,pan12
n-Hexylmethyldichlorosilane,358,1,C(CCCCC)[Si](Cl)(Cl)C,pan12
Vinylmethyldiethoxysilane,289,1,C(=C)C[SiH](OCC)OCC,pan12
Vinyldiethylmethylsilane,288,1,C(=C)[Si](C)(CC)CC,pan12
N-(Trimethylsilyl)morpholine,300,1,C[Si](N1CCOCC1)(C)C,pan12
Bis(trimethylsilyl)carbodiimide,315,1,C[Si](C)(C)N=C=N[Si](C)(C)C,pan12
t-Butoxytrimethylsilane,287,1,C(C)(C)(C)O[Si](C)(C)C,pan12
Vinylpentamethyldisiloxane,285,1,C(=C)[Si](O[Si](C)(C)C)(C)C,pan12
Isobutyltrimethoxysilane,315,1,C(C(C)C)[Si](OC)(OC)OC,pan12
Methyltriethoxysilane,297,1,C[Si](OCC)(OCC)OCC,pan12
(Diethylamino)trimethylsilane,283,1,C(C)N(CC)[Si](C)(C)C,pan12
Bis(trimethylsilyl)methane,285,1,C[Si](C)(C)C[Si](C)(C)C,pan12
Phenylethyldichlorosilane,365,1,C1(=CC=CC=C1)CC[SiH](Cl)Cl,pan12
Phenyldimethylchlorosilane,334,1,C1(=CC=CC=C1)[Si](Cl)(C)C,pan12
"(N,N-Dimethylamino)triethylsilane",299,1,CN(C)[Si](CC)(CC)CC,pan12
Tetravinylsilane,291,1,C(=C)[Si](C=C)(C=C)C=C,pan12
Phenyldimethylsilane,311,1,C1(=CC=CC=C1)[SiH](C)C,pan12
Ethyltriacetoxysilane,377,1,C(C)[Si](OC(C)=O)(OC(C)=O)OC(C)=O,pan12
Cyclopentadienyltrimethylsilane,302,1,C1(C=CC=C1)[Si](C)(C)C,pan12
3-(Trimethylsilyl)cyclopentene,299,1,C[Si](C1C=CCC1)(C)C,pan12
"(2,4-Pentadienyl)trimethylsilane",291,1,C(C=CC=C)[Si](C)(C)C,pan12
n-Octyltrichlorosilane,369,1,C(CCCCCCC)[Si](Cl)(Cl)Cl,pan12
n-Heptylmethyldichlorosilane,339,1,C(CCCCCC)[Si](Cl)(Cl)C,pan12
Triethylacetoxysilane,314,1,C(C)C(C(=O)O[SiH3])(CC)CC,pan12
Vinyltriethoxysilane,307,1,C(=C)[Si](OCC)(OCC)OCC,pan12
Vinyltriethylsilane,298,1,C(=C)[Si](CC)(CC)CC,pan12
"1,3-Divinyltetramethyldisilazane",307,1,C(=C)[Si](N[Si](C=C)(C)C)(C)C,pan12
Tetraethoxysilane,323,1,C(C)O[Si](OCC)(OCC)OCC,pan12
Tetraethylsilane,299,1,C(C)[Si](CC)(CC)CC,pan12
n-Octylsilane,309,1,C(CCCCCCC)[SiH3],pan12
Aminoethylaminopropyltrimethoxysilane,369,1,NCCNCCC[Si](OC)(OC)OC,pan12
Octamethyltrisiloxane,303,1,C[Si](O[Si](O[Si](C)(C)C)(C)C)(C)C,pan12
Octamethylcyclotetrasiloxane,330,1,C[Si]1(O[Si](O[Si](O[Si](O1)(C)C)(C)C)(C)C)C,pan12
Octamethylcyclotetrasilazane,339,1,C[Si]1(N[Si](N[Si](N[Si](N1)(C)C)(C)C)(C)C)C,pan12
Tetrakisdimethylsiloxysilane,340,1,C[SiH](O[Si](O[SiH](C)C)(O[SiH](C)C)O[SiH](C)C)C,pan12
p-Chlorophenyltrimethylsilane,322,1,ClC1=CC=C(C=C1)[Si](C)(C)C,pan12
Methylphenyldimethoxysilane,349,1,C[Si](OC)(OC)C1=CC=CC=C1,pan12
Phenyltrimethoxysilane,358,1,C1(=CC=CC=C1)[Si](OC)(OC)OC,pan12
Trimethylphenylsilane,313,1,C[Si](C1=CC=CC=C1)(C)C,pan12
2-Cyanoethyltriethoxysilane,359,1,C(#N)CC[Si](OCC)(OCC)OCC,pan12
Cyclohexylmethyldimethoxysilane,343,1,C1(CCCCC1)C[SiH](OC)OC,pan12
3-Glycidoxypropyltrimethoxysilane,383,1,C(C1CO1)OCCC[Si](OC)(OC)OC,pan12
Di-t-butylmethylchlorosilane,342,1,C(C)(C)(C)[Si](Cl)(C)C(C)(C)C,pan12
Hexyltrimethoxysilane,335,1,C(CCCCC)[Si](OC)(OC)OC,pan12
Triisopropylsilane,310,1,C(C)(C)[SiH](C(C)C)C(C)C,pan12
Tri-n-propylsilane,316,1,C(CC)[SiH](CCC)CCC,pan12
(Diisopropylamino)trimethylsilane,301,1,C(C)(C)N(C(C)C)[Si](C)(C)C,pan12
1-Chlorononamethyltetrasiloxane,347,1,Cl[Si](O[Si](O[Si](O[Si](C)(C)C)(C)C)(C)C)(C)C,pan12
Propyltris(dimethylsiloxy)silane,323,1,C(CC)[Si](O[SiH](C)C)(O[SiH](C)C)O[SiH](C)C,pan12
Benzyltrimethylsilane,335,1,C(C1=CC=CC=C1)[Si](C)(C)C,pan12
3-Methacryloxypropyltrimethoxysilane,365,1,C(C(=C)C)(=O)OCCC[Si](OC)(OC)OC,pan12
n-Octyldimethylchlorosilane,370,1,C(CCCCCCC)[Si](Cl)(C)C,pan12
Bis(diethylamino)dimethylsilane,308,1,C(C)N(CC)[Si](C)(C)N(CC)CC,pan12
Decamethyltetrasiloxane,335,1,C[Si](O[Si](O[Si](O[Si](C)(C)C)(C)C)(C)C)(C)C,pan12
Decamethylcyclopentasiloxane,350,1,C[Si]1(O[Si](O[Si](O[Si](O[Si](O1)(C)C)(C)C)(C)C)(C)C)C,pan12
"2-(3,4-epoxycyclohexyl)ethyltrimethoxysilane",419,1,C1(CC2C(CC1)O2)CC[Si](OC)(OC)OC,pan12
n-Decylmethyldichlorosilane,393,1,C(CCCCCCCCC)[Si](Cl)(Cl)C,pan12
Vinyltriethylsilane,318,1,C(=C)[Si](CC)(CC)CC,pan12
Phenyltriethoxysilane,393,1,C1(=CC=CC=C1)[Si](OCC)(OCC)OCC,pan12
Diphenylsilane,371,1,C1(=CC=CC=C1)[SiH2]C1=CC=CC=C1,pan12
Tetramethyltetravinylcyclotetrasilane,385,1,C[Si]1([Si]([Si]([Si]1(C=C)C)(C=C)C)(C=C)C)C=C,pan12
n-Dodecyltrichlorosilane,435,1,C(CCCCCCCCCCC)[Si](Cl)(Cl)Cl,pan12
Hexaethyldisiloxane,349,1,C(C)[Si](O[Si](CC)(CC)CC)(CC)CC,pan12
Dodecamethylpentasiloxane,352,1,C[Si](O[Si](O[Si](O[Si](O[Si](C)(C)C)(C)C)(C)C)(C)C)(C)C,pan12
Dodecamethylcyclohexasiloxane,366,1,C[Si]1(O[Si](O[Si](O[Si](O[Si](O[Si](O1)(C)C)(C)C)(C)C)(C)C)(C)C)C,pan12
Methyldiphenylchlorosilane,411,1,C[Si](Cl)(C1=CC=CC=C1)C1=CC=CC=C1,pan12
n-Dodecylmethyldichlorosilane,416,1,C(CCCCCCCCCCC)[Si](Cl)(Cl)C,pan12
Diphenyldimethoxysilane,394,1,C1(=CC=CC=C1)[Si](OC)(OC)C1=CC=CC=C1,pan12
Octyltriethoxysilane,373,1,C(CCCCCCC)[Si](OCC)(OCC)OCC,pan12
Tetradecamethylhexasiloxane,375,1,C[Si](O[Si](O[Si](O[Si](O[Si](O[Si](C)(C)C)(C)C)(C)C)(C)C)(C)C)(C)C,pan12
n-Octadecyltrichlorosilane,466,1,C(CCCCCCCCCCCCCCCCC)[Si](Cl)(Cl)Cl,pan12
Octadecamethyloctasiloxane,417,1,C[Si](O[Si](O[Si](O[Si](O[Si](O[Si](O[Si](O[Si](C)(C)C)(C)C)(C)C)(C)C)(C)C)(C)C)(C)C)(C)C,pan12
Vinyltrichlorosilane,294,1,C(=C)[Si](Cl)(Cl)Cl,pan12
Ethylsilane,213,1,C(C)[SiH3],pan12
n-Propyltrichlorosilane,310,1,C(CC)[Si](Cl)(Cl)Cl,pan12
Trimethylfluorosilane,238,1,C[Si](F)(C)C,pan12
Dimethylvinylchlorosilane,268,1,CC(=C[SiH2]Cl)C,pan12
Trimethylsilylisothiocyanate,308,1,C[Si](C)(C)N=C=S,pan12
Methoxytrimethylsilane,243,1,CO[Si](C)(C)C,pan12
Diethylsilane,253,1,C(C)[SiH2]CC,pan12
Tetraisocyanatosilane,323,1,N(=C=O)[Si](N=C=O)(N=C=O)N=C=O,pan12
sec-Amyltrichlorosilane,303,1,C(C)(CCC)[Si](Cl)(Cl)Cl,pan12
Vinyltrimethoxysilane,296,1,C(=C)[Si](OC)(OC)OC,pan12
Ethoxytrimethylsilane,246,1,C(C)O[Si](C)(C)C,pan12
Phenyltrichlorosilane,364,1,C1(=CC=CC=C1)[Si](Cl)(Cl)Cl,pan12
Cyclohexyltrichlorosilane,358,1,C1(CCCCC1)[Si](Cl)(Cl)Cl,pan12
1-Trimethylsilylpropyne,270,1,C[Si](C#CC)(C)C,pan12
Hexyldichlorosilane,337,1,C(CCCCC)[SiH](Cl)Cl,pan12
Allyltrimethoxysilane,319,1,C(C=C)[Si](OC)(OC)OC,pan12
3-Chloropropylmethyldimethoxysilane,318,1,ClCCC[Si](OC)(OC)C,pan12
n-Propyltrimethoxysilane,298,1,C(CC)[Si](OC)(OC)OC,pan12
Hexamethyldisiloxane,270,1,C[Si](O[Si](C)(C)C)(C)C,pan12
Hexamethyldisilazane,281,1,C[Si](N[Si](C)(C)C)(C)C,pan12
Methyltriacetoxysilane,358,1,C[Si](OC(C)=O)(OC(C)=O)OC(C)=O,pan12
n-Heptyltrichlorosilane,337,1,C(CCCCCC)[Si](Cl)(Cl)Cl,pan12
(1-Methoxy-2-propoxy)trimethylsilane,293,1,COCC(C)O[Si](C)(C)C,pan12
Heptamethyldisilazane,300,1,C[Si](N([Si](C)(C)C)C)(C)C,pan12
Vinyltriacetoxysilane,361,1,C(=C)[Si](OC(C)=O)(OC(C)=O)OC(C)=O,pan12
(Cyclopentenyloxy)trimethylsilane,311,1,C1(=CCCC1)O[Si](C)(C)C,pan12
Tetramethyldivinyldisiloxane,292,1,C[Si](O[Si](C=C)(C=C)C)(C)C,pan12
Diethyldiethoxysilane,316,1,C(C)[Si](OCC)(OCC)CC,pan12
Tetramethyldiethoxysiloxane,311,1,CC(C(O[Si]([O])OCC)(C)C)C,pan12
Tri-n-propylchlorosilane,349,1,C(CC)[Si](Cl)(CCC)CCC,pan12
Tris(trimethylsiloxy)boron,315,1,C[Si](OB(O[Si](C)(C)C)O[Si](C)(C)C)(C)C,pan12
1-Heptynyltrimethylsilane,315,1,C(#CCCCCC)[Si](C)(C)C,pan12
Tristrimethylsiloxymethylsilane,336,1,C[Si](OC(O[Si](C)(C)C)(O[Si](C)(C)C)[SiH3])(C)C,pan12
Diphenyldichlorosilane,415,1,C1(=CC=CC=C1)[Si](Cl)(Cl)C1=CC=CC=C1,pan12
Tetra-n-propoxysilane,368,1,C(CC)O[Si](OCCC)(OCCC)OCCC,pan12
Diphenylmethylsilane,393,1,C1(=CC=CC=C1)C(C1=CC=CC=C1)[SiH3],pan12
Hexadecamethylheptasiloxane,406,1,C[Si](O[Si](O[Si](O[Si](O[Si](O[Si](O[Si](C)(C)C)(C)C)(C)C)(C)C)(C)C)(C)C)(C)C,pan12
ACETOXYETHYLDIMETHYLCHLOROSILANE,336.15,1,CC(=O)OCC[Si](C)(C)Cl,gelest_silanes
ACETOXYETHYLMETHYLDICHLOROSILANE,338.15,1,CC(=O)OCC[Si](C)(Cl)Cl,gelest_silanes
ACETOXYETHYLTRICHLOROSILANE,355.15,1,CC(=O)OCC[Si](Cl)(Cl)Cl,gelest_silanes
ACETOXYETHYLTRIETHOXYSILANE,372.15,1,CCO[Si](CCOC(C)=O)(OCC)OCC,gelest_silanes
ACETOXYMETHYLTRIMETHYLSILANE,293.15,1,CC(=O)OC[Si](C)(C)C,gelest_silanes
3-ACETOXYPROPYLMETHYLDICHLOROSILANE,358.15,1,CC(=O)OCCC[Si](C)(Cl)Cl,gelest_silanes
3-ACETOXYPROPYLTRIMETHOXYSILANE,366.15,1,CO[Si](CCCOC(C)=O)(OC)OC,gelest_silanes
ACETOXYTRIMETHYLSILANE,277.15,1,CC(=O)O[Si](C)(C)C,gelest_silanes
ACETYLTRIMETHYLSILANE,281.15,1,CC(=O)[Si](C)(C)C,gelest_silanes
ACRYLOXYMETHYLTRIMETHOXYSILANE,335.15,1,C=CC(=O)OC[Si](OC)(OC)OC,gelest_silanes
(3-ACRYLOXYPROPYL)DIMETHYLMETHOXYSILANE,358.15,1,C=CC(=O)OCCC[Si](C)(C)OC,gelest_silanes
(3-ACRYLOXYPROPYL)TRIMETHOXYSILANE,396.15,1,C=CC(=O)OCCC[Si](OC)(OC)OC,gelest_silanes
(3-ACRYLOXYPROPYL)TRIS(TRIMETHYLSILOXY)SILANE,366.15,1,C=CC(=O)OCCC[Si](O[Si](C)(C)C)(O[Si](C)(C)C)O[Si](C)(C)C,gelest_silanes
ACRYLOXYTRIMETHYLSILANE,299.15,1,C=CC(=O)O[Si](C)(C)C,gelest_silanes
3-(N-ALLYLAMINO)PROPYLTRIMETHOXYSILANE,361.15,1,C=CCNCCC[Si](OC)(OC)OC,gelest_silanes
ALLYLAMINOTRIMETHYLSILANE,283.15,1,C=CCN[Si](C)(C)C,gelest_silanes
ALLYL(CHLOROMETHYL)DIMETHYLSILANE,300.15,1,C=CC[Si](C)(C)CCl,gelest_silanes
ALLYL(3-CHLOROPROPYL)DICHLOROSILANE,349.15,1,C=CC[Si](Cl)(Cl)CCCCl,gelest_silanes
ALLYLDICHLOROSILANE,269.15,1,C=CC[SiH](Cl)Cl,gelest_silanes
ALLYLDIMETHYL(DIISOPROPYLAMINO)SILANE,335.15,1,C=CC[Si](C)(C)N(C(C)C)C(C)C,gelest_silanes
ALLYLDIMETHYLSILANE,253.15,1,C=CC[SiH](C)C,gelest_silanes
ALLYL(4-METHOXYPHENYL)DIMETHYLSILANE,375.15,1,C=CC[Si](C)(C)c1ccc(OC)cc1,gelest_silanes
ALLYLMETHYLDICHLOROSILANE,300.15,1,C=CCC[SiH](Cl)Cl,gelest_silanes
ALLYLOXY-t-BUTYLDIMETHYLSILANE,305.15,1,C=CCO[Si](C)(C)C(C)(C)C,gelest_silanes
ALLYLOXYTRIMETHYLSILANE,273.15,1,C=CCO[Si](C)(C)C,gelest_silanes
ALLYLPHENYLDICHLOROSILANE,349.15,1,C=CC[Si](Cl)(Cl)c1ccccc1,gelest_silanes
ALLYLTRICHLOROSILANE,304.15,1,C=CC[Si](Cl)(Cl)Cl,gelest_silanes
ALLYLTRIETHOXYSILANE,320.15,1,C=CC[Si](OCC)(OCC)OCC,gelest_silanes
ALLYLTRIISOPROPYLSILANE,349.15,1,C=CC[Si](C(C)C)(C(C)C)C(C)C,gelest_silanes
ALLYLTRIMETHOXYSILANE,319.15,1,C=CC[Si](OC)(OC)OC,gelest_silanes
ALLYLTRIMETHYLSILANE,280.15,1,C=CC[Si](C)(C)C,gelest_silanes
ALLYLTRIS(TRIMETHYLSILOXY)SILANE,340.15,1,C=CC[Si](O[Si](C)(C)C)(O[Si](C)(C)C)O[Si](C)(C)C,gelest_silanes
4-AMINOBUTYLTRIETHOXYSILANE,382.15,1,CCO[Si](CCCCN)(OCC)OCC,gelest_silanes
N-(2-AMINOETHYL)-3-AMINOPROPYLMETHYLDIMETHOXYSILANE,363.15,1,CO[Si](C)(CCCNCCN)OC,gelest_silanes
N-(2-AMINOETHYL)-3-AMINOPROPYLTRIETHOXYSILANE,421.15,1,CCO[Si](CCCNCCN)(OCC)OCC,gelest_silanes
N-(2-AMINOETHYL)-3-AMINOPROPYLTRIMETHOXYSILANE,423.15,1,CO[Si](CCCNCCN)(OC)OC,gelest_silanes
N-(2-AMINOETHYL)-3-AMINOPROPYLTRIMETHOXYSILANE,423.15,1,CO[Si](CCCNCCN)(OC)OC,gelest_silanes
AMINOMETHYLTRIMETHYLSILANE,282.15,1,C[Si](C)(C)CN,gelest_silanes
m-AMINOPHENYLTRIMETHOXYSILANE,453.15,1,CO[Si](OC)(OC)c1cccc(N)c1,gelest_silanes
p-AMINOPHENYLTRIMETHOXYSILANE,453.15,1,CO[Si](OC)(OC)c1ccc(N)cc1,gelest_silanes
AMINOPHENYLTRIMETHOXYSILANE,453.15,1,CO[Si](OC)(OCN)c1ccccc1,gelest_silanes
3-AMINOPROPYLDIMETHYLETHOXYSILANE,346.15,1,CCO[Si](C)(C)CCCN,gelest_silanes
3-AMINOPROPYLTRIETHOXYSILANE,377.15,1,CCO[Si](CCCN)(OCC)OCC,gelest_silanes
3-AMINOPROPYLTRIMETHOXYSILANE,356.15,1,CO[Si](CCCN)(OC)OC,gelest_silanes
3-AMINOPROPYLTRIMETHOXYSILANE,356.15,1,CO[Si](CCCN)(OC)OC,gelest_silanes
3-AMINOPROPYLTRIMETHYLSILANE,332.15,1,C[Si](C)(C)CCCN,gelest_silanes
3-AMINOPROPYLTRIS(METHOXYETHOXYETHOXY)SILANE,341.15,1,COCCOCCO[Si](CCCN)(OCCOCCOC)OCCOCCOC,gelest_silanes
(AZIDOMETHYL)TRIMETHYLSILANE,279.15,1,C[Si](C)(C)CN=[N+]=[N-],gelest_silanes
6-AZIDOSULFONYLHEXYLTRIETHOXYSILANE,387.15,1,CCO[Si](CCCCCCS(=O)(=O)N=[N+]=[N-])(OCC)OCC,gelest_silanes
N-BENZYLAMINOMETHYLTRIMETHYLSILANE,389.15,1,C[Si](C)(C)CNCc1ccccc1,gelest_silanes
BENZYLDIMETHYLCHLOROSILANE,346.15,1,C[Si](C)(Cl)Cc1ccccc1,gelest_silanes
BENZYLDIMETHYLSILANE,338.15,1,C[SiH](C)Cc1ccccc1,gelest_silanes
N-BENZYL-N-METHOXYMETHYL-N-(TRIMETHYLSILYLMETHYL)AMINE,339.15,1,COCN(Cc1ccccc1)C[Si](C)(C)C,gelest_silanes
BIS[BIS(TRIMETHYLSILYL)AMINO]TIN(II),329.15,1,C[Si](C)(C)N([Sn]N([Si](C)(C)C)[Si](C)(C)C)[Si](C)(C)C,gelest_tin
Ethyl silicate,325.15,1,CCO[Si]([O-])([O-])[O-],hazardous materials
diethylsilicon,244.25,1,CC[Si]CC,le15
chloro(dimethyl)silicon,245.15,1,C[Si](C)Cl,le15
trimethyl(prop-2-enyl)silane,280.35,1,C=CC[Si](C)(C)C,le15
"Silane, dichloromethyl-",240.95,1,[SiH3]C(Cl)Cl,le15
"Silane, azidotrimethyl-",279.15,1,C[Si](C)(C)N=[N+]=[N-],le15
N-methyl-N-trimethylsilylmethanamine,254.15,1,CN(C)[Si](C)(C)C,le15
ethoxy(trimethyl)silane,255.15,1,CCO[Si](C)(C)C,le15
[(E)-2-chloroethenyl]-dimethylsilicon,269.15,1,C[Si](C)/C=C/Cl,le15
"Silane, trimethoxy-",268.75,1,CO[SiH](OC)OC,le15
methyl(phenyl)silicon,311.65,1,C[Si]c1ccccc1,le15
Butyltrimethylsilane,281.65,1,CCCC[Si](C)(C)C,le15
"Acetic acid, (trimethylsilyl)-",334.65,1,C[Si](C)(C)CC(=O)O,le15
triethyl(hydroxy)silane,330.372,1,CC[Si](O)(CC)CC,le15
3-trimethylsilylpropan-1-ol,325.95,1,C[Si](C)(C)CCCO,le15
triethyl(fluoro)silane,292.15,1,CC[Si](F)(CC)CC,le15
chloro-dimethyl-prop-2-enylsilane,278.75,1,C=CC[Si](C)(C)Cl,le15
"Silane, methyltrimethoxy-",284.25,1,CO[Si](C)(OC)OC,le15
dimethyl(phenyl)silicon,308.15,1,C[Si](C)c1ccccc1,le15
tetrakis(ethenyl)silane,279.25,1,C=C[Si](C=C)(C=C)C=C,le15
"Silane, dichloroethenylmethyl-",277.55,1,C[SiH2]C=C(Cl)Cl,le15
chloro(phenyl)silicon,327.05,1,Cl[Si]c1ccccc1,le15
chloro-(chloromethyl)-dimethylsilane,295.15,1,C[Si](C)(Cl)CCl,le15
tetraethylsilane,299.25,1,CC[Si](CC)(CC)CC,le15
"Propionic acid, 3-(trimethylsilyl)- (8CI)",362.15,1,C[Si](C)(C)CCC(=O)O,le15
ethyl(trimethoxy)silane,297.35,1,CC[Si](OC)(OC)OC,le15
trimethyl(phenyl)silane,317.15,1,C[Si](C)(C)c1ccccc1,le15
butyl-chloro-dimethylsilane,303.25,1,CCCC[Si](C)(C)Cl,le15
3-chloropropyl(trimethyl)silane,303.65,1,C[Si](C)(C)CCCCl,le15
tetramethyl silicate,302.05,1,CO[Si](OC)(OC)OC,le15
ethenyl-diethoxy-methylsilane,290.95,1,C=C[Si](C)(OCC)OCC,le15
"Silanamine, 1,1,1-trimethyl-N-(trimethylsilyl)-",303.15,1,C[Si](C)(C)N[Si](C)(C)C,le15
"Silane, trichlorovinyl- (8CI)",283.75,1,[SiH3]C(Cl)=C(Cl)Cl,le15
"Silane, phenyltrifluoro-",288.35,1,F[Si](F)(F)c1ccccc1,le15
"Disiloxane, 1,1,1,3,3,3-hexamethyl-",280.85,1,C[Si](C)(C)O[Si](C)(C)C,le15
dichloro-(chloromethyl)-methylsilane,308.15,1,C[Si](Cl)(Cl)CCl,le15
trimethyl(phenoxy)silane,315.906,1,C[Si](C)(C)Oc1ccccc1,le15
trimethyl(2-trimethylsilylethynyl)silane,290.25,1,C[Si](C)(C)C#C[Si](C)(C)C,le15
diethoxy-methyl-prop-2-enylsilane,315.65,1,C=CC[Si](C)(OCC)OCC,le15
[acetyloxy(dimethyl)silyl] acetate,317.85,1,CC(=O)O[Si](C)(C)OC(C)=O,le15
"Silane, dimethylethoxyphenyl-",346.25,1,CCO[Si](C)(C)c1ccccc1,le15
"Butanenitrile, 4-(dichloromethylsilyl)-",365.15,1,N#CCCC[SiH2]C(Cl)Cl,le15
"Silane, dimethoxymethylphenyl-",353.15,1,COC(OC)[SiH2]c1ccccc1,le15
"Ethanethiol, 2-(trimethoxysilyl)-",344.95,1,CO[Si](CCS)(OC)OC,le15
trichloro(chloromethyl)silane,342.55,1,ClC[Si](Cl)(Cl)Cl,le15
chloromethyl-dimethyl-phenylsilane,364.25,1,C[Si](C)(CCl)c1ccccc1,le15
"Silanamine, 1-ethenyl-N-(ethenyldimethylsilyl)-1,1-dimethyl-",325.25,1,C=C[Si](C)(C)N[Si](C)(C)C=C,le15
"Disiloxane, 1,3-diethenyl-1,1,3,3-tetramethyl-",297.15,1,C=C[Si](C)(C)O[Si](C)(C)C=C,le15
bromomethyl-chloro-dimethylsilane,314.25,1,C[Si](C)(Cl)CBr,le15
"Propanenitrile, 3-(trichlorosilyl)-",358.35,1,N#CCC[Si](Cl)(Cl)Cl,le15
"1-Propanamine, 3-(diethoxymethylsilyl)-",348.75,1,CCOC(OCC)[SiH2]CCCN,le15
trichloro(2-methylpropyl)silane,321.25,1,CC(C)C[Si](Cl)(Cl)Cl,le15
"Silane, pentyltrimethoxy-",325.35,1,CCCCC[Si](OC)(OC)OC,le15
"1-Propanethiol, 3-(trimethoxysilyl)-",322.05,1,CO[Si](CCCS)(OC)OC,le15
chloro(triethoxy)silane,313.25,1,CCO[Si](Cl)(OCC)OCC,le15
"Silane, (3-cyanopropyl)diethoxy(methyl)-",377.25,1,CCO[Si](C)(CCCC#N)OCC,le15
"Butanenitrile, 4-(trichlorosilyl)-",365.25,1,N#CCCC[Si](Cl)(Cl)Cl,le15
chloro-[chloro(dimethyl)silyl]oxy-dimethylsilane,306.15,1,C[Si](C)(Cl)O[Si](C)(C)Cl,le15
"Silanetetramine, octamethyl-",348.45,1,CN(C)[Si](N(C)C)(N(C)C)N(C)C,le15
"1-Butanamine, 4-(diethoxymethylsilyl)-",366.55,1,CCOC(OCC)[SiH2]CCCCN,le15
"Silane, pentyltrichloro-",340.25,1,CCCCC[Si](Cl)(Cl)Cl,le15
trichloro(3-chloropropyl)silane,342.55,1,ClCCC[Si](Cl)(Cl)Cl,le15
"Propionitrile, 3-(triethoxysilyl)- (8CI)",378.45,1,CCO[Si](CCC#N)(OCC)OCC,le15
trichloro(dichloromethyl)silane,353.05,1,ClC(Cl)[Si](Cl)(Cl)Cl,le15
"Cyclotrisilazane, 2,2,4,4,6,6-hexamethyl-",332.15,1,C[Si]1(C)N[Si](C)(C)N[Si](C)(C)N1,le15
trichloro(hexyl)silane,353.45,1,CCCCCC[Si](Cl)(Cl)Cl,le15
"Propylamine, 3-(triethoxysilyl)- (8CI)",377.55,1,CCO[Si](CCCN)(OCC)OCC,le15
"1,2-Ethanediamine, N-(3-(trimethoxysilyl)propyl)-",381.25,1,CO[Si](CCCNCCN)(OC)OC,le15
"Butanenitrile, 4-(triethoxysilyl)-",388.85,1,CCO[Si](CCCC#N)(OCC)OCC,le15
ethenyl-tri(propan-2-yloxy)silane,359.75,1,C=C[Si](OC(C)C)(OC(C)C)OC(C)C,le15
"2-Propenoic acid, 3-(trimethoxysilyl)propyl ester",355.45,1,C=CC(=O)OCCC[Si](OC)(OC)OC,le15
"Silane, pentyltriethoxy-",351.05,1,CCCCC[Si](OCC)(OCC)OCC,le15
"Butylamine, 4-(triethoxysilyl)-",378.25,1,CCO[Si](CCCCN)(OCC)OCC,le15
"Silane, trimethoxy(3-(oxiranylmethoxy)propyl)-",355.05,1,CO[Si](CCCOCC1CO1)(OC)OC,le15
"Trisiloxane, 1,1,1,3,3,5,5,5-octamethyl-",302.15,1,C[Si](C)(C)O[Si](C)(C)O[Si](C)(C)C,le15
"Silane, trichloro(2-phenylethyl)-",390.95,1,Cl[Si](Cl)(Cl)CCc1ccccc1,le15
"Silane, trimethoxy(2-(7-oxabicyclo(4.1.0)hept-3-yl)ethyl)-",362.85,1,CO[Si](CCC1CCC2OC2C1)(OC)OC,le15
triethyl(triethylsilyloxy)silane,350.15,1,CC[Si](CC)(CC)O[Si](CC)(CC)CC,le15
"2-Propenoic acid, 2-methyl-, 3-(trimethoxysilyl)propyl ester",365.15,1,C=C(C)C(=O)OCCC[Si](OC)(OC)OC,le15
"2,8,9-Trioxa-5-aza-1-silabicyclo(3.3.3)undecane, 1-phenyl-",398.75,1,c1ccc([Si]23OCCN(CCO2)CCO3)cc1,le15
3-trichlorosilylpropyl 2-methylprop-2-enoate,391.45,1,C=C(C)C(=O)OCCC[Si](Cl)(Cl)Cl,le15
"Silane, tris(1,1-dimethylethoxy)ethenyl- (9CI)",388.05,1,CC(C)(C)OC([SiH3])=C(OC(C)(C)C)OC(C)(C)C,le15
"Silane, hydroxytriphenyl-",461.95,1,O[Si](c1ccccc1)(c1ccccc1)c1ccccc1,le15
"Silane, triethoxyoctyl-",374.45,1,CCOC(CCCCCCC[SiH3])(OCC)OCC,le15
bis[[chloro(dimethyl)silyl]oxy]-dimethylsilane,326.45,1,C[Si](C)(Cl)O[Si](C)(C)O[Si](C)(C)Cl,le15
"6-Ethenyl-6-(methoxyethoxy)-2,5,7,10-tetraoxa-6-silaundecane (9CI)",377.95,1,C=C[Si](OCCOC)(OCCOC)OCCOC,le15
"Cyclotetrasilazane, 2,2,4,4,6,6,8,8-octamethyl-",339.15,1,C[Si]1(C)N[Si](C)(C)N[Si](C)(C)N[Si](C)(C)N1,le15
"Cyclotetrasiloxane, octamethyl-",336.35,1,C[Si]1(C)O[Si](C)(C)O[Si](C)(C)O[Si](C)(C)O1,le15
ethoxy(triphenyl)silane,436.65,1,CCO[Si](c1ccccc1)(c1ccccc1)c1ccccc1,le15
[dimethyl(trimethylsilyloxy)silyl]oxy-dimethyl-trimethylsilyloxysilane,361.25,1,C[Si](C)(C)O[Si](C)(C)O[Si](C)(C)O[Si](C)(C)C,le15
"Cyclotetrasiloxane, 2,4,6,8-tetraethenyl-2,4,6,8-tetramethyl-",367.45,1,C=C[Si]1(C)O[Si](C)(C=C)O[Si](C)(C=C)O[Si](C)(C=C)O1,le15
"Cyclopentasiloxane, decamethyl-",368.75,1,C[Si]1(C)O[Si](C)(C)O[Si](C)(C)O[Si](C)(C)O[Si](C)(C)O1,le15
bis[[dimethyl(trimethylsilyloxy)silyl]oxy]-dimethylsilane,390.55,1,C[Si](C)(C)O[Si](C)(C)O[Si](C)(C)O[Si](C)(C)O[Si](C)(C)C,le15
"Cyclohexasiloxane, dodecamethyl-",397.55,1,C[Si]1(C)O[Si](C)(C)O[Si](C)(C)O[Si](C)(C)O[Si](C)(C)O[Si](C)(C)O1,le15
"Cyclotrisiloxane, 2,4,6-trimethyl-2,4,6-tris(3,3,3-trifluoropropyl)-",380.25,1,C[Si]1(CCC(F)(F)F)O[Si](C)(CCC(F)(F)F)O[Si](C)(CCC(F)(F)F)O1,le15
"Cyclotetrasiloxane, octaphenyl-",473.15,1,c1ccc([Si]2(c3ccccc3)O[Si](c3ccccc3)(c3ccccc3)O[Si](c3ccccc3)(c3ccccc3)O[Si](c3ccccc3)(c3ccccc3)O2)cc1,le15
Methyltrichlorosilane,276.15,1,C[Si](Cl)(Cl)Cl,didier12
Vinyltrichlorosilane,294.15,1,C=C[Si](Cl)(Cl)Cl,didier12
Dichloromethylmethyldichlorosilane,301.15,1,C[Si](Cl)(Cl)C(Cl)Cl,didier12
Ethyltrichlorosilane,263.15,1,CC[Si](Cl)(Cl)Cl,didier12
Dimethylchlorosilane,245.15,1,C[SiH](C)Cl,didier12
Ethylsilane,213.15,1,CC[SiH3],didier12
"1,1,1-Trifluoropropyltrichlorosilane",288.15,1,CC(C(F)(F)F)[Si](Cl)(Cl)Cl,didier12
Allyltrichlorosilane,304.15,1,C=CC[Si](Cl)(Cl)Cl,didier12
Methylvinyldichlorosilane,272.15,1,CC=C[SiH](Cl)Cl,didier12
3-Chloropropyltrichlorosilane,357.15,1,ClCCC[Si](Cl)(Cl)Cl,didier12
n-Propyltrichlorosilane,310.15,1,CCC[Si](Cl)(Cl)Cl,didier12
Chloromethyldimethylchlorosilane,295.15,1,C[Si](C)(Cl)CCl,didier12
Trimethylbromosilane,270.15,1,C[Si](C)(C)Br,didier12
Trimethylchlorosilane,255.15,1,C[Si](C)(C)Cl,didier12
Trimethylfluorosilane,238.15,1,C[Si](C)(C)F,didier12
Trimethoxysilane,264.15,1,CO[SiH](OC)OC,didier12
Cyanoethylmethyldichlorosilane,333.15,1,C[Si](Cl)(Cl)CCC#N,didier12
Allylmethyldichlorosilane,300.15,1,C=CCC[SiH](Cl)Cl,didier12
3-Chloropropylmethyldichlorosilane,359.15,1,C[Si](Cl)(Cl)CCCCl,didier12
t-Butyltrichlorosilane,294.15,1,CC(C)(C)[Si](Cl)(Cl)Cl,didier12
Isobutyltrichlorosilane,310.15,1,CC(C)C[Si](Cl)(Cl)Cl,didier12
n-Butyltrichlorosilane,327.15,1,CCCC[Si](Cl)(Cl)Cl,didier12
Trimethylsilylisothiocyanate,308.15,1,C[Si](C)(C)N=C=S,didier12
n-Propylmethyldichlorosilane,300.15,1,CCC[Si](C)(Cl)Cl,didier12
Bromomethyltrimethylsilane,289.15,1,C[Si](C)(C)CBr,didier12
Ethyldimethylchlorosilane,269.15,1,CC[Si](C)(C)Cl,didier12
Methoxytrimethylsilane,243.15,1,CO[Si](C)(C)C,didier12
Dimethyldimethoxysilane,265.15,1,CO[Si](C)(C)OC,didier12
Methyltrimethoxysilane,284.15,1,CO[Si](C)(OC)OC,didier12
Tetramethoxysilane,294.15,1,CO[Si](OC)(OC)OC,didier12
Tetramethylsilane,245.15,1,C[Si](C)(C)C,didier12
Diethylsilane,253.15,1,CC[SiH2]CC,didier12
"(N,N-Dimethylamino)dimethylsilane",260.15,1,CN(C)[SiH](C)C,didier12
Tetraisocyanatosilane,323.15,1,O=C=N[Si](N=C=O)(N=C=O)N=C=O,didier12
Cyclopentyltrichlorosilane,350.15,1,Cl[Si](Cl)(Cl)C1CCCC1,didier12
Trimethylsilyltrifluoroacetate,273.15,1,C[Si](C)(C)OC(=O)C(F)(F)F,didier12
Cyclopentyldichlorosilane,316.15,1,Cl[SiH](Cl)C1CCCC1,didier12
3-Chloro-2-methylpropylmethyldichlorosilane,363.15,1,CC(CCl)C[Si](C)(Cl)Cl,didier12
Methylvinyldimethoxysilane,277.15,1,CC=C[SiH](OC)OC,didier12
Vinyltrimethoxysilane,296.15,1,C=C[Si](OC)(OC)OC,didier12
Trimethylvinylsilane,239.15,1,CC(C)=C(C)[SiH3],didier12
Diethylmethylchlorosilane,288.15,1,CC[Si](C)(Cl)CC,didier12
Chloromethyldimethylethoxysilane,299.15,1,CCO[Si](C)(C)CCl,didier12
Ethoxytrimethylsilane,246.15,1,CCO[Si](C)(C)C,didier12
Ethyltrimethoxysilane,300.15,1,CC[Si](OC)(OC)OC,didier12
"(N,N-Dimethylamino)trimethylsilane",254.15,1,CN(C)[Si](C)(C)C,didier12
Pentamethyldisiloxane,254.15,1,C[SiH](C)O[Si](C)(C)C,didier12
Phenyldichlorosilane,333.15,1,Cl[SiH](Cl)c1ccccc1,didier12
Phenylsilane,281.15,1,[SiH3]c1ccccc1,didier12
1-Hexenyltrichlorosilane,333.15,1,CCCCC=C[Si](Cl)(Cl)Cl,didier12
Cyclohexyltrichlorosilane,358.15,1,Cl[Si](Cl)(Cl)C1CCCCC1,didier12
Bis(chloromethyl)tetramethyldisiloxane,346.15,1,C[Si](C)(C)O[Si](C)(CCl)CCl,didier12
Propargyloxytrimethylsilane,300.15,1,C#CCO[Si](C)(C)C,didier12
Divinyldimethylsilane,281.15,1,C=C[Si](C)(C)C=C,didier12
n-Hexyltrichlorosilane,358.15,1,CCCCCC[Si](Cl)(Cl)Cl,didier12
Hexyldichlorosilane,337.15,1,CCCCCC[SiH](Cl)Cl,didier12
"1,1-Dimethyl-1-sila-2-oxacyclohexane",287.15,1,C[Si]1(C)CCCCO1,didier12
Acetoxymethyltrimethylsilane,293.15,1,CC(=O)OC[Si](C)(C)C,didier12
Allyltrimethylsilane,280.15,1,C=CC[Si](C)(C)C,didier12
Triethylchlorosilane,303.15,1,CC[Si](Cl)(CC)CC,didier12
t-Butyldimethylchlorosilane,295.15,1,CC(C)(C)[Si](C)(C)Cl,didier12
3-Chloropropylmethyldimethoxysilane,318.15,1,CO[Si](C)(CCCCl)OC,didier12
Trimethyl-n-propoxysilane,283.15,1,CCCO[Si](C)(C)C,didier12
t-Butyldimethylsilanol,318.15,1,CC(C)(C)[Si](C)(C)O,didier12
Dimethyldiethoxysilane,284.15,1,CCO[Si](C)(C)OCC,didier12
Triethylsilane,270.15,1,CC[SiH](CC)CC,didier12
Hexylsilane,285.15,1,CCCCCC[SiH3],didier12
t-Butyldimethylsilane,251.15,1,C[SiH](C)C(C)(C)C,didier12
Bis(dimethylamino)dimethylsilane,266.15,1,CN(C)[Si](C)(C)N(C)C,didier12
Hexamethylcyclotrisiloxane,305.15,1,C[Si]1(C)O[Si](C)(C)O[Si](C)(C)O1,didier12
Hexamethyldisilthiane,299.15,1,C[Si](C)(C)S[Si](C)(C)C,didier12
Hexamethyldisilazane,281.15,1,C[Si](C)(C)N[Si](C)(C)C,didier12
Tris(dimethylamino)silane,298.15,1,CN(C)[SiH](N(C)C)N(C)C,didier12
Hexamethyltrisiloxane,293.15,1,C[Si](C)(C)O[SiH2]O[Si](C)(C)C,didier12
Phenylmethyldichlorosilane,340.15,1,Cl[SiH](Cl)Cc1ccccc1,didier12
Phenylmethylchlorosilane,355.15,1,Cl[SiH2]Cc1ccccc1,didier12
Methyltriacetoxysilane,358.15,1,CC(=O)O[Si](C)(OC(C)=O)OC(C)=O,didier12
Trivinylmethylsilane,288.15,1,C=CC([SiH3])(C=C)C=C,didier12
Cyclohexylmethyldichlorosilane,355.15,1,Cl[SiH](Cl)CC1CCCCC1,didier12
"1-(Trimethylsiloxy)-1,3-butadiene",298.15,1,C=CC=CO[Si](C)(C)C,didier12
2-Chloromethyl-3-trimethylsilyl-1-propene,316.15,1,C=C(CCl)C[Si](C)(C)C,didier12
n-Heptyltrichlorosilane,337.15,1,CCCCCCC[Si](Cl)(Cl)Cl,didier12
n-Hexylmethyldichlorosilane,358.15,1,CCCCCC[Si](C)(Cl)Cl,didier12
Vinylmethyldiethoxysilane,289.15,1,C=CC[SiH](OCC)OCC,didier12
N-(Trimethylsilyl)morpholine,300.15,1,C[Si](C)(C)N1CCOCC1,didier12
t-Butoxytrimethylsilane,287.15,1,CC(C)(C)O[Si](C)(C)C,didier12
Vinylpentamethyldisiloxane,285.15,1,C=C[Si](C)(C)O[Si](C)(C)C,didier12
(1-Methoxy-2-propoxy)trimethylsilane,293.15,1,COCC(C)O[Si](C)(C)C,didier12
Methyltriethoxysilane,297.15,1,CCO[Si](C)(OCC)OCC,didier12
(Diethylamino)trimethylsilane,283.15,1,CCN(CC)[Si](C)(C)C,didier12
Bis(trimethylsilyl)methane,285.15,1,C[Si](C)(C)C[Si](C)(C)C,didier12
Heptamethyldisilazane,300.15,1,CN([Si](C)(C)C)[Si](C)(C)C,didier12
Phenylethyldichlorosilane,365.15,1,Cl[SiH](Cl)CCc1ccccc1,didier12
Tetravinylsilane,291.15,1,C=C[Si](C=C)(C=C)C=C,didier12
Phenyldimethylsilane,311.15,1,C[SiH](C)c1ccccc1,didier12
Cyclopentadienyltrimethylsilane,302.15,1,C[Si](C)(C)C1C=CC=C1,didier12
(Cyclopentenyloxy)trimethylsilane,311.15,1,C[Si](C)(C)OC1=CCCC1,didier12
"(2,4-Pentadienyl)trimethylsilane",291.15,1,C=CC=CC[Si](C)(C)C,didier12
n-Octyltrichlorosilane,369.15,1,CCCCCCCC[Si](Cl)(Cl)Cl,didier12
n-Heptylmethyldichlorosilane,339.15,1,CCCCCCC[Si](C)(Cl)Cl,didier12
Tetramethyldivinyldisiloxane,292.15,1,C=C[Si](C)(C=C)O[Si](C)(C)C,didier12
Triethylacetoxysilane,314.15,1,CCC(CC)(CC)C(=O)O[SiH3],didier12
Vinyltriethoxysilane,307.15,1,C=C[Si](OCC)(OCC)OCC,didier12
"1,3-Divinyltetramethyldisilazane",307.15,1,C=C[Si](C)(C)N[Si](C)(C)C=C,didier12
Diethyldiethoxysilane,316.15,1,CCO[Si](CC)(CC)OCC,didier12
Tetraethoxysilane,323.15,1,CCO[Si](OCC)(OCC)OCC,didier12
Tetraethylsilane,305.15,1,CC[Si](CC)(CC)CC,didier12
Aminoethylaminopropyltrimethoxysilane,369.15,1,CO[Si](CCCNCCN)(OC)OC,didier12
Tetramethyldiethoxysiloxane,311.15,1,CCO[Si]([O])OC(C)(C)C(C)C,didier12
Octamethyltrisiloxane,303.15,1,C[Si](C)(C)O[Si](C)(C)O[Si](C)(C)C,didier12
Octamethylcyclotetrasiloxane,330.15,1,C[Si]1(C)O[Si](C)(C)O[Si](C)(C)O[Si](C)(C)O1,didier12
Octamethylcyclotetrasilazane,339.15,1,C[Si]1(C)N[Si](C)(C)N[Si](C)(C)N[Si](C)(C)N1,didier12
Tetrakisdimethylsiloxysilane,340.15,1,C[SiH](C)O[Si](O[SiH](C)C)(O[SiH](C)C)O[SiH](C)C,didier12
p-Chlorophenyltrimethylsilane,322.15,1,C[Si](C)(C)c1ccc(Cl)cc1,didier12
Phenyltrimethoxysilane,358.15,1,CO[Si](OC)(OC)c1ccccc1,didier12
Trimethylphenylsilane,313.15,1,C[Si](C)(C)c1ccccc1,didier12
Cyclohexylmethyldimethoxysilane,343.15,1,CO[SiH](CC1CCCCC1)OC,didier12
Hexyltrimethoxysilane,335.15,1,CCCCCC[Si](OC)(OC)OC,didier12
Triisopropylsilane,310.15,1,CC(C)[SiH](C(C)C)C(C)C,didier12
Tri-n-propylsilane,316.15,1,CCC[SiH](CCC)CCC,didier12
Propyltris(dimethylsiloxy)silane,323.15,1,CCC[Si](O[SiH](C)C)(O[SiH](C)C)O[SiH](C)C,didier12
Benzyltrimethylsilane,335.15,1,C[Si](C)(C)Cc1ccccc1,didier12
3-Methacryloxypropyltrimethoxysilane,365.15,1,C=C(C)C(=O)OCCC[Si](OC)(OC)OC,didier12
1-Heptynyltrimethylsilane,315.15,1,CCCCCC#C[Si](C)(C)C,didier12
n-Octyldimethylchlorosilane,370.15,1,CCCCCCCC[Si](C)(C)Cl,didier12
Bis(diethylamino)dimethylsilane,308.15,1,CCN(CC)[Si](C)(C)N(CC)CC,didier12
Decamethyltetrasiloxane,335.15,1,C[Si](C)(C)O[Si](C)(C)O[Si](C)(C)O[Si](C)(C)C,didier12
Decamethylcyclopentasiloxane,350.15,1,C[Si]1(C)O[Si](C)(C)O[Si](C)(C)O[Si](C)(C)O[Si](C)(C)O1,didier12
"2-(3,4-epoxycyclohexyl)ethyltrimethoxysilane",419.15,1,CO[Si](CCC1CCC2OC2C1)(OC)OC,didier12
n-Decylmethyldichlorosilane,393.15,1,CCCCCCCCCC[Si](C)(Cl)Cl,didier12
Vinyltriethylsilane,318.15,1,C=C[Si](CC)(CC)CC,didier12
Diphenyldichlorosilane,415.15,1,Cl[Si](Cl)(c1ccccc1)c1ccccc1,didier12
Phenyltriethoxysilane,393.15,1,CCO[Si](OCC)(OCC)c1ccccc1,didier12
Diphenylsilane,371.15,1,c1ccc([SiH2]c2ccccc2)cc1,didier12
Tetramethyltetravinylcyclotetrasilane,385.15,1,C=C[Si]1(C)[Si](C)(C=C)[Si](C)(C=C)[Si]1(C)C=C,didier12
n-Dodecyltrichlorosilane,435.15,1,CCCCCCCCCCCC[Si](Cl)(Cl)Cl,didier12
Tetra-n-propoxysilane,368.15,1,CCCO[Si](OCCC)(OCCC)OCCC,didier12
Hexaethyldisiloxane,349.15,1,CC[Si](CC)(CC)O[Si](CC)(CC)CC,didier12
Dodecamethylpentasiloxane,352.15,1,C[Si](C)(C)O[Si](C)(C)O[Si](C)(C)O[Si](C)(C)O[Si](C)(C)C,didier12
Dodecamethylcyclohexasiloxane,366.15,1,C[Si]1(C)O[Si](C)(C)O[Si](C)(C)O[Si](C)(C)O[Si](C)(C)O[Si](C)(C)O1,didier12
Methyldiphenylchlorosilane,411.15,1,C[Si](Cl)(c1ccccc1)c1ccccc1,didier12
n-Dodecylmethyldichlorosilane,416.15,1,CCCCCCCCCCCC[Si](C)(Cl)Cl,didier12
Diphenyldimethoxysilane,394.15,1,CO[Si](OC)(c1ccccc1)c1ccccc1,didier12
Octyltriethoxysilane,373.15,1,CCCCCCCC[Si](OCC)(OCC)OCC,didier12
Tetradecamethylhexasiloxane,375.15,1,C[Si](C)(C)O[Si](C)(C)O[Si](C)(C)O[Si](C)(C)O[Si](C)(C)O[Si](C)(C)C,didier12
Hexadecamethylheptasiloxane,406.15,1,C[Si](C)(C)O[Si](C)(C)O[Si](C)(C)O[Si](C)(C)O[Si](C)(C)O[Si](C)(C)O[Si](C)(C)C,didier12
Octadecamethyloctasiloxane,417.15,1,C[Si](C)(C)O[Si](C)(C)O[Si](C)(C)O[Si](C)(C)O[Si](C)(C)O[Si](C)(C)O[Si](C)(C)O[Si](C)(C)C,didier12
Vinyltris(methoxyethoxy)silane,353.15,1,C=C[Si](OCCOC)(OCCOC)OCCOC,didier12
Trimethyl(vinyloxy)silane,263.15,1,C=CO[Si](C)(C)C,didier12
Trichloro(3-cyanopropyl) Silane,365.15,1,N#CCCC[Si](Cl)(Cl)Cl,didier12
Trichloro(2-phenylethyl)silane,364.15,1,Cl[Si](Cl)(Cl)CCc1ccccc1,didier12
"Chlorodimethyl(3,3,3-trifluoropropyl) silane",293.15,1,C[Si](C)(Cl)CCC(F)(F)F,didier12
Vinylmethylbis (trimethylsiloxy) silane,324.15,1,C=CC[SiH](O[Si](C)(C)C)O[Si](C)(C)C,didier12
Trichloro(Chloromethyl) silane,342.15,1,ClC[Si](Cl)(Cl)Cl,didier12
Dimethyl(pentafluorophenyl) silane,313.15,1,C[SiH](C)c1c(F)c(F)c(F)c(F)c1F,didier12
Trichloro(p-chlorophenyl)silane,397.05,1,Clc1ccc([Si](Cl)(Cl)Cl)cc1,didier12
Trisilane,273.15,1,[SiH3][SiH2][SiH3],didier12
Trichlorononylsilane,387.15,1,[SiH3]CCCCCCCCC(Cl)(Cl)Cl,didier12
Dichloroethylsilane,263.75,1,[SiH3]CC(Cl)Cl,didier12
Trichloro(dichlorophenyl)silane,419.15,1,Clc1cccc([Si](Cl)(Cl)Cl)c1Cl,didier12
Tris(trimethylsilyl)silane,328.15,1,C[Si](C)(C)[SiH]([Si](C)(C)C)[Si](C)(C)C,didier12
Tris(trimethylsiloxy)silane,323.15,1,C[Si](C)(C)O[SiH](O[Si](C)(C)C)O[Si](C)(C)C,didier12
Hexadecyltrichlorosilane,427.15,1,CCCCCCCCCCCCCCCC[Si](Cl)(Cl)Cl,didier12
Dichlorosilane,236.15,1,Cl[SiH2]Cl,didier12
Methyldichlorosilane,241.15,1,C[SiH](Cl)Cl,didier12
Iodotrimethylsilane,288.15,1,C[Si](C)(C)I,didier12
Dimethyldichlorosilane,257.15,1,C[Si](C)(Cl)Cl,didier12
Bromomethyldimethylchlorosilane,314.15,1,C[Si](C)(Cl)CBr,didier12
Trimethylsilane,204.15,1,C[SiH](C)C,didier12
Dimethylvinylchlorosilane,268.15,1,CC(C)=C[SiH2]Cl,didier12
"1,3-Dichlorotetramethyldisiloxane",288.15,1,C[Si](C)(Cl)O[Si](C)(C)Cl,didier12
"1,1,3,3-Tetramethyldisiloxane",251.15,1,C[SiH](C)O[SiH](C)C,didier12
Tetramethyldisilazane,284.15,1,CN([SiH3])[Si](C)(C)C,didier12
Allyldimethylchlorosilane,278.15,1,C=CC[Si](C)(C)Cl,didier12
sec-Amyltrichlorosilane,303.15,1,CCCC(C)[Si](Cl)(Cl)Cl,didier12
n-Butylmethyldichlorosilane,303.15,1,CCCC[Si](C)(Cl)Cl,didier12
Bis(dimethylamino)methylsilane,270.15,1,CN(C)C([SiH3])N(C)C,didier12
Phenyltrichlorosilane,364.15,1,Cl[Si](Cl)(Cl)c1ccccc1,didier12
Dimethyldiacetoxysilane,310.15,1,CC(=O)O[Si](C)(C)OC(C)=O,didier12
1-Trimethylsilylpropyne,270.15,1,CC#C[Si](C)(C)C,didier12
Vinyldimethylethoxysilane,277.15,1,C=C[Si](C)(C)OCC,didier12
Allyloxytrimethylsilane,273.15,1,C=CCO[Si](C)(C)C,didier12
Allyltrimethoxysilane,319.15,1,C=CC[Si](OC)(OC)OC,didier12
3-Chloropropyltrimethoxysilane,348.15,1,CO[Si](CCCCl)(OC)OC,didier12
n-Propyltrimethoxysilane,298.15,1,CCC[Si](OC)(OC)OC,didier12
Hexamethyldisiloxane,270.15,1,C[Si](C)(C)O[Si](C)(C)C,didier12
Hexamethyldisilane,272.15,1,C[Si](C)(C)[Si](C)(C)C,didier12
Vinyldiethylmethylsilane,288.15,1,C=C[Si](C)(CC)CC,didier12
Isobutyltrimethoxysilane,315.15,1,CO[Si](CC(C)C)(OC)OC,didier12
Phenyldimethylchlorosilane,334.15,1,C[Si](C)(Cl)c1ccccc1,didier12
"(N,N-Dimethylamino)triethylsilane",299.15,1,CC[Si](CC)(CC)N(C)C,didier12
Vinyltriacetoxysilane,361.15,1,C=C[Si](OC(C)=O)(OC(C)=O)OC(C)=O,didier12
Ethyltriacetoxysilane,377.15,1,CC[Si](OC(C)=O)(OC(C)=O)OC(C)=O,didier12
3-(Trimethylsilyl)cyclopentene,299.15,1,C[Si](C)(C)C1C=CCC1,didier12
Vinyltriethylsilane,298.15,1,C=C[Si](CC)(CC)CC,didier12
n-Octylsilane,309.15,1,CCCCCCCC[SiH3],didier12
Methylphenyldimethoxysilane,349.15,1,CO[Si](C)(OC)c1ccccc1,didier12
2-Cyanoethyltriethoxysilane,359.15,1,CCO[Si](CCC#N)(OCC)OCC,didier12
3-Glycidoxypropyltrimethoxysilane,383.15,1,CO[Si](CCCOCC1CO1)(OC)OC,didier12
Di-t-butylmethylchlorosilane,342.15,1,CC(C)(C)[Si](C)(Cl)C(C)(C)C,didier12
Tri-n-propylchlorosilane,349.15,1,CCC[Si](Cl)(CCC)CCC,didier12
(Diisopropylamino)trimethylsilane,301.15,1,CC(C)N(C(C)C)[Si](C)(C)C,didier12
1-Chlorononamethyltetrasiloxane,347.15,1,C[Si](C)(C)O[Si](C)(C)O[Si](C)(C)O[Si](C)(C)Cl,didier12
Tristrimethylsiloxymethylsilane,336.15,1,C[Si](C)(C)OC([SiH3])(O[Si](C)(C)C)O[Si](C)(C)C,didier12
Diphenylmethylsilane,393.15,1,[SiH3]C(c1ccccc1)c1ccccc1,didier12
Trimethyl[(1-methylethenyl)oxy]silane,272.15,1,C=C(C)O[Si](C)(C)C,didier12
"Dichloromethyl-3,3,3-trifluoropropylsilane",288.15,1,FC(F)(F)CC[SiH2]C(Cl)Cl,didier12
[2-(chloromethoxy)ethyl]trimethylsilane,319.15,1,C[Si](C)(C)CCOCCl,didier12
Triphenylsilane,416.35,1,c1ccc([SiH](c2ccccc2)c2ccccc2)cc1,didier12
Trichlorosilane,245.15,1,Cl[SiH](Cl)Cl,didier12
"1,1dimethyl1sila2oxacyclohexane",287.15,1,C[Si]1(C)CCCCO1,le15
"1,2dibromoethyltrichlorosilane",338.15,1,Cl[Si](Cl)(Cl)C(Br)CBr,le15
"1,3dichloroTetramethylDisiloxane",288.15,1,C[Si](C)(Cl)O[Si](C)(C)Cl,le15
"1,3divinylTetramethylDisilazane",307.15,1,C=C[Si](C)(C)N[Si](C)(C)C=C,le15
1bromovinylTrimethylSilane,288.15,1,C=C(Br)[Si](C)(C)C,le15
1chloroethyltrichlorosilane,288.15,1,CC(Cl)[Si](Cl)(Cl)Cl,le15
1chlorononamethylTetrasiloxane,347.15,1,C[Si](C)(C)O[Si](C)(C)O[Si](C)(C)O[Si](C)(C)Cl,le15
1heptynylTrimethylSilane,315.15,1,CCCCCC#C[Si](C)(C)C,le15
1hexenylTrichloroSilane,333.15,1,CCCCC=C[Si](Cl)(Cl)Cl,le15
1methoxy2propoxyTrimethylSilane,293.15,1,COCC(C)O[Si](C)(C)C,le15
1trimethylsilylpropyne-,270.15,1,CC#C[Si](C)(C)C,le15
"2,4pentadienylTrimethylSilane",291.15,1,C=CC=CC[Si](C)(C)C,le15
2bromoethyltrichlorosilane,313.15,1,Cl[Si](Cl)(Cl)CCBr,le15
2bromovinylTrimethylSilane,288.15,1,C[Si](C)(C)C=CBr,le15
2chloroethyltrichlorosilane,301.15,1,ClCC[Si](Cl)(Cl)Cl,le15
2chloromethyl3trimethylsilyl1propene,316.15,1,C=C(CCl)C[Si](C)(C)C,le15
2cyanoethylMethylDichloroSilane,333.15,1,C[Si](Cl)(Cl)CCC#N,le15
2cyanoethylTriethoxySilane,359.15,1,CCO[Si](CCC#N)(OCC)OCC,le15
3bromo1trimethylsilyl1propyne,335.15,1,C[Si](C)(C)C#CCBr,le15
3bromopropyltrichlorosilane,361.15,1,Cl[Si](Cl)(Cl)CCCBr,le15
3bromopropylTrimethoxySilane,355.15,1,CO[Si](CCCBr)(OC)OC,le15
3chloro2methylpropylMethylDichloroSilane,363.15,1,CC(CCl)C[Si](C)(Cl)Cl,le15
3chloropropylDimethylChloroSilane,313.15,1,C[Si](C)(Cl)CCCCl,le15
3chloropropylMethylDichloroSilane,359.15,1,C[Si](Cl)(Cl)CCCCl,le15
3chloropropylMethylDimethoxySilane,318.15,1,CO[Si](C)(CCCCl)OC,le15
3chloropropylTriethoxySilane,335.15,1,CCO[Si](CCCCl)(OCC)OCC,le15
3chloropropylTrimethoxySilane,351.15,1,CO[Si](CCCCl)(OC)OC,le15
3methacryloxyPropylTrimethoxySilane,365.15,1,C=C(C)C(=O)OCCC[Si](OC)(OC)OC,le15
3trimethylsilylCyclopentene,299.15,1,C[Si](C)(C)C1C=CCC1,le15
AcetoxymethylTrimethylSilane,293.15,1,CC(=O)OC[Si](C)(C)C,le15
AcetoxyTrimethylSilane,277.15,1,CC(=O)O[Si](C)(C)C,le15
AllylChloromethylDimethylSilane,300.15,1,C=CC[Si](C)(C)CCl,le15
AllylDimethylChloroSilane,278.15,1,C=CC[Si](C)(C)Cl,le15
AllylDimethylSilane-,253.15,1,C=CC[SiH](C)C,le15
AllylMethylDichloroSilane,300.15,1,C=CCC[SiH](Cl)Cl,le15
AllyloxytrimethylSilane,273.15,1,C=CCO[Si](C)(C)C,le15
AllylPhenylDichloroSilane,349.15,1,C=CC[Si](Cl)(Cl)c1ccccc1,le15
AllylTrichloroSilane,304.15,1,C=CC[Si](Cl)(Cl)Cl,le15
AllylTriethoxySilane,320.15,1,C=CC[Si](OCC)(OCC)OCC,le15
AllylTrimethoxySilane,319.15,1,C=CC[Si](OC)(OC)OC,le15
AllylTrimethylSilane,280.15,1,C=CC[Si](C)(C)C,le15
AminoethylAminopropylTrimethoxySilane,369.15,1,CO[Si](CCCNCCN)(OC)OC,le15
BenzylDimethylChloroSilane,346.15,1,C[Si](C)(Cl)Cc1ccccc1,le15
BenzylDimethylSilane,338.15,1,C[SiH](C)Cc1ccccc1,le15
BenzylTrichloroSilane,360.15,1,Cl[Si](Cl)(Cl)Cc1ccccc1,le15
BenzylTrimethylSilane,335.15,1,C[Si](C)(C)Cc1ccccc1,le15
BischloromethylDimethylSilane,319.15,1,C[Si](C)(CCl)CCl,le15
bisChloromethylMethylChloroSilane,315.15,1,C[Si](Cl)(CCl)CCl,le15
BisDiethylaminoDimethylSilane,308.15,1,CCN(CC)[Si](C)(C)N(CC)CC,le15
BisDimethylaminoDimethylSilane-,266.15,1,CN(C)[Si](C)(C)N(C)C,le15
BisDimethylaminoMethylSilane-,270.15,1,CN(C)C([SiH3])N(C)C,le15
BistrimethylsilylCarbodiimide,315.15,1,C[Si](C)(C)N=C=N[Si](C)(C)C,le15
BisTrimethylsilylMethane,285.15,1,C[Si](C)(C)C[Si](C)(C)C,le15
Bromomethyldimethylchlorosilane,314.15,1,C[Si](C)(Cl)CBr,le15
BromomethylTrimethylSilane,289.15,1,C[Si](C)(C)CBr,le15
ChloromethylDimethylchlorosilane,294.15,1,C[Si](C)(Cl)CCl,le15
ChloromethylDimethylEthoxySilane,299.15,1,CCO[Si](C)(C)CCl,le15
ChloromethylDimethylPhenylSilane,326.15,1,C[Si](C)(CCl)c1ccccc1,le15
Chloromethylmethyldichlorosilane,293.15,1,C[Si](Cl)(Cl)CCl,le15
ChloromethylMethylDiethoxySilane,311.15,1,CCO[Si](C)(CCl)OCC,le15
ChloromethylTriethoxySilane,320.15,1,CCO[Si](CCl)(OCC)OCC,le15
ChloromethylTrimethoxySilane,299.15,1,CO[Si](CCl)(OC)OC,le15
ChloromethylTrimethylSilane-,271.15,1,C[Si](C)(C)CCl,le15
CyclohexylDimethylSilane,336.15,1,C[SiH](C)C1CCCCC1,le15
CyclohexylMethylDichloroSilane,339.15,1,Cl[SiH](Cl)CC1CCCCC1,le15
CyclohexylMethylDimethoxySilane,339.15,1,CO[SiH](CC1CCCCC1)OC,le15
CyclohexylTrichloroSilane,364.15,1,Cl[Si](Cl)(Cl)C1CCCCC1,le15
CyclopentadienylTrimethylSilane,302.15,1,C[Si](C)(C)C1C=CC=C1,le15
CyclopentenyloxyTrimethylSilane,311.15,1,C[Si](C)(C)OC1=CCCC1,le15
CyclopentylDichloroSilane,316.15,1,Cl[SiH](Cl)C1CCCC1,le15
CyclopentylTrichloroSilane,350.15,1,Cl[Si](Cl)(Cl)C1CCCC1,le15
DecamethylCyclopentasiloxane,350.15,1,C[Si]1(C)O[Si](C)(C)O[Si](C)(C)O[Si](C)(C)O[Si](C)(C)O1,le15
DecamethylTetraSiloxane,335.15,1,C[Si](C)(C)O[Si](C)(C)O[Si](C)(C)O[Si](C)(C)C,le15
DichloromethylMethylDichloroSilane,301.15,1,C[Si](Cl)(Cl)C(Cl)Cl,le15
DichloroSilane-,236.15,1,Cl[SiH2]Cl,le15
DiethylaminoTrimethylSilane,283.15,1,CCN(CC)[Si](C)(C)C,le15
DiethylDichloroSilane,300.15,1,CC[Si](Cl)(Cl)CC,le15
DiethylDiethoxySilane,316.15,1,CCO[Si](CC)(CC)OCC,le15
DiethylMethylChloroSilane,288.15,1,CC[Si](C)(Cl)CC,le15
DiethylSilane-,253.15,1,CC[SiH2]CC,le15
DiisopropylaminoTrimethylSilane,301.15,1,CC(C)N(C(C)C)[Si](C)(C)C,le15
DimethylChloroSilane-,248.15,1,C[SiH](C)Cl,le15
DimethylDiacetoxySilane,310.15,1,CC(=O)O[Si](C)(C)OC(C)=O,le15
Dimethyldichlorosilane-,263.15,1,C[Si](C)(Cl)Cl,le15
DimethylDiethoxySilane,284.15,1,CCO[Si](C)(C)OCC,le15
DimethylDimethoxySilane-,265.15,1,CO[Si](C)(C)OC,le15
DimethylVinylChloroSilane-,268.15,1,CC(C)=C[SiH2]Cl,le15
DiphenylSilane,371.15,1,c1ccc([SiH2]c2ccccc2)cc1,le15
DivinylDimethylSilane,281.15,1,C=C[Si](C)(C)C=C,le15
DodecamethylCyclohexasiloxane,366.15,1,C[Si]1(C)O[Si](C)(C)O[Si](C)(C)O[Si](C)(C)O[Si](C)(C)O[Si](C)(C)O1,le15
DodecamethylPentasiloxane,352.15,1,C[Si](C)(C)O[Si](C)(C)O[Si](C)(C)O[Si](C)(C)O[Si](C)(C)C,le15
EthoxyTrimethylSilane-,246.15,1,CCO[Si](C)(C)C,le15
Ethyl2trimethylsilylAcetate,308.15,1,CCOC(=O)C[Si](C)(C)C,le15
Ethyldichlorosilane-,264.15,1,CC[SiH](Cl)Cl,le15
EthylDimethylChloroSilane-,269.15,1,CC[Si](C)(C)Cl,le15
EthylDimethylSilane-,248.15,1,CC[SiH](C)C,le15
Ethylmethyldichlorosilane,275.15,1,CC[Si](C)(Cl)Cl,le15
EthylSilane-,213.15,1,CC[SiH3],le15
Ethyltrichlorosilane,300.15,1,CC[Si](Cl)(Cl)Cl,le15
EthylTriethoxySilane,313.15,1,CCO[Si](CC)(OCC)OCC,le15
EthylTrimethoxySilane,300.15,1,CC[Si](OC)(OC)OC,le15
EthylTrimethylSilane,300.15,1,CC[Si](C)(C)C,le15
HeptamethylDisilazane,300.15,1,CN([Si](C)(C)C)[Si](C)(C)C,le15
HeptamethylTrisiloxane,296.15,1,C[SiH](C)O[Si](C)(C)O[Si](C)(C)C,le15
HexaethylDisiloxane,349.15,1,CC[Si](CC)(CC)O[Si](CC)(CC)CC,le15
HexamethylCycloTrisiloxane,305.15,1,C[Si]1(C)O[Si](C)(C)O[Si](C)(C)O1,le15
HexamethylDisilane-,272.15,1,C[Si](C)(C)[Si](C)(C)C,le15
HexamethylDisilaThiane,299.15,1,C[Si](C)(C)S[Si](C)(C)C,le15
HexamethylDisilazane,281.15,1,C[Si](C)(C)N[Si](C)(C)C,le15
HexamethylTrisiloxane,293.15,1,C[Si](C)(C)O[SiH2]O[Si](C)(C)C,le15
HexylDichloroSilane,337.15,1,CCCCCC[SiH](Cl)Cl,le15
HexylSilane,285.15,1,CCCCCC[SiH3],le15
HexylTrifluoroSilane-,266.15,1,CCCCCC[Si](F)(F)F,le15
HexylTrimethoxySilane,335.15,1,CCCCCC[Si](OC)(OC)OC,le15
IsobutylTrichloroSilane,310.15,1,CC(C)C[Si](Cl)(Cl)Cl,le15
IsobutylTrimethoxySilane,315.15,1,CO[Si](CC(C)C)(OC)OC,le15
MethacryloxymethylTrimethylSilane,318.15,1,C=C(C)C(=O)OC[Si](C)(C)C,le15
MethoxyTrimethylSilane-,243.15,1,CO[Si](C)(C)C,le15
MethyldichloroSilane-,241.15,1,C[SiH](Cl)Cl,le15
MethylTriacetoxySilane,358.15,1,CC(=O)O[Si](C)(OC(C)=O)OC(C)=O,le15
Methyltrichlorosilane,276.15,1,C[Si](Cl)(Cl)Cl,le15
MethylTriethoxySilane,297.15,1,CCO[Si](C)(OCC)OCC,le15
MethylVinylDimethoxySilane,277.15,1,CC=C[SiH](OC)OC,le15
OctamethylCyclotetrasilazane,339.15,1,C[Si]1(C)N[Si](C)(C)N[Si](C)(C)N[Si](C)(C)N1,le15
OctamethylCyclotetrasiloxane,330.15,1,C[Si]1(C)O[Si](C)(C)O[Si](C)(C)O[Si](C)(C)O1,le15
OctamethylTrisiloxane,303.15,1,C[Si](C)(C)O[Si](C)(C)O[Si](C)(C)C,le15
PhenethylDimethylChloroSilane,343.15,1,C[Si](C)(Cl)CCc1ccccc1,le15
PhenethylMethylDichloroSilane,353.15,1,Cl[SiH](Cl)CCCc1ccccc1,le15
PhenethylTrichloroSilane,364.15,1,Cl[Si](Cl)(Cl)CCc1ccccc1,le15
PhenylDichloroSilane,321.15,1,Cl[SiH](Cl)c1ccccc1,le15
PhenylDimethylAcetoxySilane,345.15,1,CC(C)C(=O)O[SiH2]c1ccccc1,le15
PhenylDimethylChloroSilane,334.15,1,C[Si](C)(Cl)c1ccccc1,le15
PhenylDimethylSilane,311.15,1,C[SiH](C)c1ccccc1,le15
PhenylEthylDichloroSilane,365.15,1,Cl[SiH](Cl)CCc1ccccc1,le15
PhenylMethylChloroSilane,335.15,1,Cl[SiH2]Cc1ccccc1,le15
PhenylMethylDichloroSilane,355.15,1,Cl[SiH](Cl)Cc1ccccc1,le15
PhenylMethylDiethoxySilane,362.15,1,CCO[SiH](Cc1ccccc1)OCC,le15
PhenylMethylSilane,298.15,1,[SiH3]Cc1ccccc1,le15
PhenylSilane,281.15,1,[SiH3]c1ccccc1,le15
PhenylTrichloroSilane,364.15,1,Cl[Si](Cl)(Cl)c1ccccc1,le15
PhenylTriethoxySilane,369.15,1,CCO[Si](OCC)(OCC)c1ccccc1,le15
PhenylTrifluoroSilane-,283.15,1,F[Si](F)(F)c1ccccc1,le15
PhenylTrimethoxySilane,359.15,1,CO[Si](OC)(OC)c1ccccc1,le15
PropargyloxytrimethylSilane,300.15,1,C#CCO[Si](C)(C)C,le15
PropylTrisdimethylsiloxySilane,323.15,1,CCC[Si](O[SiH](C)C)(O[SiH](C)C)O[SiH](C)C,le15
secAmylTrichloroSilane,303.15,1,CCCC(C)[Si](Cl)(Cl)Cl,le15
TetraethoxySilane,323.15,1,CCO[Si](OCC)(OCC)OCC,le15
TetraisocyanatoSilane,323.15,1,O=C=N[Si](N=C=O)(N=C=O)N=C=O,le15
TetrakisDimethylsiloxySilane,340.15,1,C[SiH](C)O[Si](O[SiH](C)C)(O[SiH](C)C)O[SiH](C)C,le15
TetramethoxySilane,294.15,1,CO[Si](OC)(OC)OC,le15
TetramethylDiethoxySiloxane,311.15,1,CCO[Si]([O])OC(C)(C)C(C)C,le15
TetramethylDivinylDisiloxane,292.15,1,C=C[Si](C)(C=C)O[Si](C)(C)C,le15
TetramethylSilane-,245.15,1,C[Si](C)(C)C,le15
TetravinylSilane,291.15,1,C=C[Si](C=C)(C=C)C=C,le15
TrichloroSilane-,245.15,1,Cl[SiH](Cl)Cl,le15
TriethoxyChloroSilane,320.15,1,CCO[Si](Cl)(OCC)OCC,le15
TriethoxySilane,299.15,1,CCO[SiH](OCC)OCC,le15
TriethylAcetoxySilane,314.15,1,CCC(CC)(CC)C(=O)O[SiH3],le15
TriethylChloroSilane,303.15,1,CC[Si](Cl)(CC)CC,le15
TriethylSilane-,271.15,1,CC[SiH](CC)CC,le15
TriisopropylSilane,310.15,1,CC(C)[SiH](C(C)C)C(C)C,le15
Trimethoxychlorosilane,295.15,1,CO[Si](Cl)(OC)OC,le15
TrimethylBromoSilane-,270.15,1,C[Si](C)(C)Br,le15
Trimethylchlorosilane-,246.15,1,C[Si](C)(C)Cl,le15
TrimethylFluoroSilane-,238.15,1,C[Si](C)(C)F,le15
TrimethylPhenylSilane,313.15,1,C[Si](C)(C)c1ccccc1,le15
TrimethylSilane-,204.15,1,C[SiH](C)C,le15
TrimethylSilylIsothiocyanate,308.15,1,C[Si](C)(C)N=C=S,le15
TrimethylsilylTrifluoroacetate,273.15,1,C[Si](C)(C)OC(=O)C(F)(F)F,le15
TrimethylVinylSilane-,239.15,1,CC(C)=C(C)[SiH3],le15
TrisdimethylaminoSilane,298.15,1,CN(C)[SiH](N(C)C)N(C)C,le15
TrisTrimethylSiloxyMethylSilane,336.15,1,C[Si](C)(C)OC([SiH3])(O[Si](C)(C)C)O[Si](C)(C)C,le15
TrivinylMethylSilane,288.15,1,C=CC([SiH3])(C=C)C=C,le15
VinylDiethylMethylSilane,288.15,1,C=C[Si](C)(CC)CC,le15
VinylDimethylEthoxySilane,277.15,1,C=C[Si](C)(C)OCC,le15
Vinylmethyldichlorosilane,277.15,1,C=CC[SiH](Cl)Cl,le15
VinylMethylDiethoxySilane,289.15,1,C=CC[SiH](OCC)OCC,le15
VinylPentamethylDisiloxane,285.15,1,C=C[Si](C)(C)O[Si](C)(C)C,le15
VinylTriacetoxySilane,361.15,1,C=C[Si](OC(C)=O)(OC(C)=O)OC(C)=O,le15
Vinyltrichlorosilane,288.65,1,C=C[Si](Cl)(Cl)Cl,le15
VinylTriethoxySilane,312.15,1,C=C[Si](OCC)(OCC)OCC,le15
VinylTriethylSilane,302.15,1,C=C[Si](CC)(CC)CC,le15
VinylTrimethoxySilane,296.15,1,C=C[Si](OC)(OC)OC,le15
VinylTrimethylSilane-,253.15,1,C=C[Si](C)(C)C,le15
EthylSilane-,213.15,1,CC[SiH3],le15
TrimethylSilane-,204.15,1,C[SiH](C)C,le15
DiethylSilane-,253.15,1,CC[SiH2]CC,le15
EthylDimethylSilane-,248.15,1,CC[SiH](C)C,le15
TetramethylSilane-,245.15,1,C[Si](C)(C)C,le15
TrimethylFluoroSilane-,238.15,1,C[Si](C)(C)F,le15
DimethylChloroSilane-,248.15,1,C[SiH](C)Cl,le15
AllylDimethylSilane-,253.15,1,C=CC[SiH](C)C,le15
TrimethylVinylSilane-,239.15,1,CC(C)=C(C)[SiH3],le15
VinylTrimethylSilane-,253.15,1,C=C[Si](C)(C)C,le15
DichloroSilane-,236.15,1,Cl[SiH2]Cl,le15
EthylTrimethylSilane,300.15,1,CC[Si](C)(C)C,le15
MethoxyTrimethylSilane-,243.15,1,CO[Si](C)(C)C,le15
PhenylSilane,281.15,1,[SiH3]c1ccccc1,le15
Trimethylchlorosilane-,246.15,1,C[Si](C)(C)Cl,le15
1trimethylsilylpropyne-,270.15,1,CC#C[Si](C)(C)C,le15
DivinylDimethylSilane,281.15,1,C=C[Si](C)(C)C=C,le15
AllylTrimethylSilane,280.15,1,C=CC[Si](C)(C)C,le15
MethyldichloroSilane-,241.15,1,C[SiH](Cl)Cl,le15
HexylSilane,285.15,1,CCCCCC[SiH3],le15
TriethylSilane-,271.15,1,CC[SiH](CC)CC,le15
EthoxyTrimethylSilane-,246.15,1,CCO[Si](C)(C)C,le15
DimethylDimethoxySilane-,265.15,1,CO[Si](C)(C)OC,le15
DimethylVinylChloroSilane-,268.15,1,CC(C)=C[SiH2]Cl,le15
PhenylMethylSilane,298.15,1,[SiH3]Cc1ccccc1,le15
ChloromethylTrimethylSilane-,271.15,1,C[Si](C)(C)CCl,le15
EthylDimethylChloroSilane-,269.15,1,CC[Si](C)(C)Cl,le15
TrivinylMethylSilane,288.15,1,C=CC([SiH3])(C=C)C=C,le15
PropargyloxytrimethylSilane,300.15,1,C#CCO[Si](C)(C)C,le15
VinylDiethylMethylSilane,288.15,1,C=C[Si](C)(CC)CC,le15
Dimethyldichlorosilane-,263.15,1,C[Si](C)(Cl)Cl,le15
Ethyldichlorosilane-,264.15,1,CC[SiH](Cl)Cl,le15
"1,1dimethyl1sila2oxacyclohexane",287.15,1,C[Si]1(C)CCCCO1,le15
AllyloxytrimethylSilane,273.15,1,C=CCO[Si](C)(C)C,le15
VinylDimethylEthoxySilane,277.15,1,C=C[Si](C)(C)OCC,le15
TrimethylSilylIsothiocyanate,308.15,1,C[Si](C)(C)N=C=S,le15
AcetoxyTrimethylSilane,277.15,1,CC(=O)O[Si](C)(C)C,le15
MethylVinylDimethoxySilane,277.15,1,CC=C[SiH](OC)OC,le15
BisDimethylaminoMethylSilane-,270.15,1,CN(C)C([SiH3])N(C)C,le15
AllylDimethylChloroSilane,278.15,1,C=CC[Si](C)(C)Cl,le15
TrichloroSilane-,245.15,1,Cl[SiH](Cl)Cl,le15
PhenylDimethylSilane,311.15,1,C[SiH](C)c1ccccc1,le15
TetravinylSilane,291.15,1,C=C[Si](C=C)(C=C)C=C,le15
DiethylMethylChloroSilane,288.15,1,CC[Si](C)(Cl)CC,le15
CyclopentadienylTrimethylSilane,302.15,1,C[Si](C)(C)C1C=CC=C1,le15
"2,4pentadienylTrimethylSilane",291.15,1,C=CC=CC[Si](C)(C)C,le15
3trimethylsilylCyclopentene,299.15,1,C[Si](C)(C)C1C=CCC1,le15
Vinylmethyldichlorosilane,277.15,1,C=CC[SiH](Cl)Cl,le15
CyclohexylDimethylSilane,336.15,1,C[SiH](C)C1CCCCC1,le15
VinylTriethylSilane,302.15,1,C=C[Si](CC)(CC)CC,le15
Ethylmethyldichlorosilane,275.15,1,CC[Si](C)(Cl)Cl,le15
DiethylaminoTrimethylSilane,283.15,1,CCN(CC)[Si](C)(C)C,le15
AcetoxymethylTrimethylSilane,293.15,1,CC(=O)OC[Si](C)(C)C,le15
BisDiethylaminoDimethylSilane,308.15,1,CCN(CC)[Si](C)(C)N(CC)CC,le15
BisDimethylaminoDimethylSilane-,266.15,1,CN(C)[Si](C)(C)N(C)C,le15
HexamethylDisilane-,272.15,1,C[Si](C)(C)[Si](C)(C)C,le15
VinylTrimethoxySilane,296.15,1,C=C[Si](OC)(OC)OC,le15
DimethylDiethoxySilane,284.15,1,CCO[Si](C)(C)OCC,le15
AllylChloromethylDimethylSilane,300.15,1,C=CC[Si](C)(C)CCl,le15
Methyltrichlorosilane,276.15,1,C[Si](Cl)(Cl)Cl,le15
EthylTrimethoxySilane,300.15,1,CC[Si](OC)(OC)OC,le15
BenzylDimethylSilane,338.15,1,C[SiH](C)Cc1ccccc1,le15
TrimethylPhenylSilane,313.15,1,C[Si](C)(C)c1ccccc1,le15
TriethylChloroSilane,303.15,1,CC[Si](Cl)(CC)CC,le15
TetramethoxySilane,294.15,1,CO[Si](OC)(OC)OC,le15
ChloromethylDimethylEthoxySilane,299.15,1,CCO[Si](C)(C)CCl,le15
TrimethylBromoSilane-,270.15,1,C[Si](C)(C)Br,le15
AllylMethylDichloroSilane,300.15,1,C=CCC[SiH](Cl)Cl,le15
CyclopentenyloxyTrimethylSilane,311.15,1,C[Si](C)(C)OC1=CCCC1,le15
Trimethoxychlorosilane,295.15,1,CO[Si](Cl)(OC)OC,le15
PhenylMethylChloroSilane,335.15,1,Cl[SiH2]Cc1ccccc1,le15
BischloromethylDimethylSilane,319.15,1,C[Si](C)(CCl)CCl,le15
DiethylDichloroSilane,300.15,1,CC[Si](Cl)(Cl)CC,le15
TriisopropylSilane,310.15,1,CC(C)[SiH](C(C)C)C(C)C,le15
ChloromethylDimethylchlorosilane,294.15,1,C[Si](C)(Cl)CCl,le15
Ethyl2trimethylsilylAcetate,308.15,1,CCOC(=O)C[Si](C)(C)C,le15
VinylMethylDiethoxySilane,289.15,1,C=CC[SiH](OCC)OCC,le15
BisTrimethylsilylMethane,285.15,1,C[Si](C)(C)C[Si](C)(C)C,le15
TrisdimethylaminoSilane,298.15,1,CN(C)[SiH](N(C)C)N(C)C,le15
HexamethylDisilazane,281.15,1,C[Si](C)(C)N[Si](C)(C)C,le15
Vinyltrichlorosilane,288.65,1,C=C[Si](Cl)(Cl)Cl,le15
PhenylTrifluoroSilane-,283.15,1,F[Si](F)(F)c1ccccc1,le15
AllylTrimethoxySilane,319.15,1,C=CC[Si](OC)(OC)OC,le15
1methoxy2propoxyTrimethylSilane,293.15,1,COCC(C)O[Si](C)(C)C,le15
2chloromethyl3trimethylsilyl1propene,316.15,1,C=C(CCl)C[Si](C)(C)C,le15
Chloromethylmethyldichlorosilane,293.15,1,C[Si](Cl)(Cl)CCl,le15
Ethyltrichlorosilane,300.15,1,CC[Si](Cl)(Cl)Cl,le15
TriethoxySilane,299.15,1,CCO[SiH](OCC)OCC,le15
BenzylTrimethylSilane,335.15,1,C[Si](C)(C)Cc1ccccc1,le15
BromomethylTrimethylSilane,289.15,1,C[Si](C)(C)CBr,le15
2cyanoethylMethylDichloroSilane,333.15,1,C[Si](Cl)(Cl)CCC#N,le15
1heptynylTrimethylSilane,315.15,1,CCCCCC#C[Si](C)(C)C,le15
CyclopentylDichloroSilane,316.15,1,Cl[SiH](Cl)C1CCCC1,le15
HexylTrifluoroSilane-,266.15,1,CCCCCC[Si](F)(F)F,le15
ChloromethylTrimethoxySilane,299.15,1,CO[Si](CCl)(OC)OC,le15
PhenylDimethylChloroSilane,334.15,1,C[Si](C)(Cl)c1ccccc1,le15
3chloropropylDimethylChloroSilane,313.15,1,C[Si](C)(Cl)CCCCl,le15
MethacryloxymethylTrimethylSilane,318.15,1,C=C(C)C(=O)OC[Si](C)(C)C,le15
DiisopropylaminoTrimethylSilane,301.15,1,CC(C)N(C(C)C)[Si](C)(C)C,le15
TriethylAcetoxySilane,314.15,1,CCC(CC)(CC)C(=O)O[SiH3],le15
VinylPentamethylDisiloxane,285.15,1,C=C[Si](C)(C)O[Si](C)(C)C,le15
HeptamethylDisilazane,300.15,1,CN([Si](C)(C)C)[Si](C)(C)C,le15
AllylTrichloroSilane,304.15,1,C=CC[Si](Cl)(Cl)Cl,le15
DimethylDiacetoxySilane,310.15,1,CC(=O)O[Si](C)(C)OC(C)=O,le15
DiethylDiethoxySilane,316.15,1,CCO[Si](CC)(CC)OCC,le15
PhenylDichloroSilane,321.15,1,Cl[SiH](Cl)c1ccccc1,le15
bisChloromethylMethylChloroSilane,315.15,1,C[Si](Cl)(CCl)CCl,le15
IsobutylTrimethoxySilane,315.15,1,CO[Si](CC(C)C)(OC)OC,le15
MethylTriethoxySilane,297.15,1,CCO[Si](C)(OCC)OCC,le15
HexamethylDisilaThiane,299.15,1,C[Si](C)(C)S[Si](C)(C)C,le15
1bromovinylTrimethylSilane,288.15,1,C=C(Br)[Si](C)(C)C,le15
2bromovinylTrimethylSilane,288.15,1,C[Si](C)(C)C=CBr,le15
3chloropropylMethylDimethoxySilane,318.15,1,CO[Si](C)(CCCCl)OC,le15
ChloromethylMethylDiethoxySilane,311.15,1,CCO[Si](C)(CCl)OCC,le15
DiphenylSilane,371.15,1,c1ccc([SiH2]c2ccccc2)cc1,le15
BenzylDimethylChloroSilane,346.15,1,C[Si](C)(Cl)Cc1ccccc1,le15
ChloromethylDimethylPhenylSilane,326.15,1,C[Si](C)(CCl)c1ccccc1,le15
HexylDichloroSilane,337.15,1,CCCCCC[SiH](Cl)Cl,le15
"1,3divinylTetramethylDisilazane",307.15,1,C=C[Si](C)(C)N[Si](C)(C)C=C,le15
TrimethylsilylTrifluoroacetate,273.15,1,C[Si](C)(C)OC(=O)C(F)(F)F,le15
TetramethylDivinylDisiloxane,292.15,1,C=C[Si](C)(C=C)O[Si](C)(C)C,le15
BistrimethylsilylCarbodiimide,315.15,1,C[Si](C)(C)N=C=N[Si](C)(C)C,le15
Bromomethyldimethylchlorosilane,314.15,1,C[Si](C)(Cl)CBr,le15
CyclohexylMethylDimethoxySilane,339.15,1,CO[SiH](CC1CCCCC1)OC,le15
VinylTriethoxySilane,312.15,1,C=C[Si](OCC)(OCC)OCC,le15
PhenylMethylDichloroSilane,355.15,1,Cl[SiH](Cl)Cc1ccccc1,le15
3bromo1trimethylsilyl1propyne,335.15,1,C[Si](C)(C)C#CCBr,le15
3chloropropylMethylDichloroSilane,359.15,1,C[Si](Cl)(Cl)CCCCl,le15
IsobutylTrichloroSilane,310.15,1,CC(C)C[Si](Cl)(Cl)Cl,le15
EthylTriethoxySilane,313.15,1,CCO[Si](CC)(OCC)OCC,le15
PhenylDimethylAcetoxySilane,345.15,1,CC(C)C(=O)O[SiH2]c1ccccc1,le15
TetraisocyanatoSilane,323.15,1,O=C=N[Si](N=C=O)(N=C=O)N=C=O,le15
CyclohexylMethylDichloroSilane,339.15,1,Cl[SiH](Cl)CC1CCCCC1,le15
1chloroethyltrichlorosilane,288.15,1,CC(Cl)[Si](Cl)(Cl)Cl,le15
2chloroethyltrichlorosilane,301.15,1,ClCC[Si](Cl)(Cl)Cl,le15
DichloromethylMethylDichloroSilane,301.15,1,C[Si](Cl)(Cl)C(Cl)Cl,le15
PhenylTrimethoxySilane,359.15,1,CO[Si](OC)(OC)c1ccccc1,le15
3chloropropylTrimethoxySilane,351.15,1,CO[Si](CCCCl)(OC)OC,le15
TriethoxyChloroSilane,320.15,1,CCO[Si](Cl)(OCC)OCC,le15
PhenethylDimethylChloroSilane,343.15,1,C[Si](C)(Cl)CCc1ccccc1,le15
"1,3dichloroTetramethylDisiloxane",288.15,1,C[Si](C)(Cl)O[Si](C)(C)Cl,le15
CyclopentylTrichloroSilane,350.15,1,Cl[Si](Cl)(Cl)C1CCCC1,le15
AllylTriethoxySilane,320.15,1,C=CC[Si](OCC)(OCC)OCC,le15
PhenylEthylDichloroSilane,365.15,1,Cl[SiH](Cl)CCc1ccccc1,le15
3chloro2methylpropylMethylDichloroSilane,363.15,1,CC(CCl)C[Si](C)(Cl)Cl,le15
secAmylTrichloroSilane,303.15,1,CCCC(C)[Si](Cl)(Cl)Cl,le15
HexylTrimethoxySilane,335.15,1,CCCCCC[Si](OC)(OC)OC,le15
TetraethoxySilane,323.15,1,CCO[Si](OCC)(OCC)OCC,le15
HexamethylTrisiloxane,293.15,1,C[Si](C)(C)O[SiH2]O[Si](C)(C)C,le15
PhenylMethylDiethoxySilane,362.15,1,CCO[SiH](Cc1ccccc1)OCC,le15
PhenylTrichloroSilane,364.15,1,Cl[Si](Cl)(Cl)c1ccccc1,le15
ChloromethylTriethoxySilane,320.15,1,CCO[Si](CCl)(OCC)OCC,le15
AllylPhenylDichloroSilane,349.15,1,C=CC[Si](Cl)(Cl)c1ccccc1,le15
2cyanoethylTriethoxySilane,359.15,1,CCO[Si](CCC#N)(OCC)OCC,le15
1hexenylTrichloroSilane,333.15,1,CCCCC=C[Si](Cl)(Cl)Cl,le15
CyclohexylTrichloroSilane,364.15,1,Cl[Si](Cl)(Cl)C1CCCCC1,le15
PhenethylMethylDichloroSilane,353.15,1,Cl[SiH](Cl)CCCc1ccccc1,le15
MethylTriacetoxySilane,358.15,1,CC(=O)O[Si](C)(OC(C)=O)OC(C)=O,le15
AminoethylAminopropylTrimethoxySilane,369.15,1,CO[Si](CCCNCCN)(OC)OC,le15
TetramethylDiethoxySiloxane,311.15,1,CCO[Si]([O])OC(C)(C)C(C)C,le15
HexamethylCycloTrisiloxane,305.15,1,C[Si]1(C)O[Si](C)(C)O[Si](C)(C)O1,le15
HeptamethylTrisiloxane,296.15,1,C[SiH](C)O[Si](C)(C)O[Si](C)(C)C,le15
BenzylTrichloroSilane,360.15,1,Cl[Si](Cl)(Cl)Cc1ccccc1,le15
VinylTriacetoxySilane,361.15,1,C=C[Si](OC(C)=O)(OC(C)=O)OC(C)=O,le15
OctamethylTrisiloxane,303.15,1,C[Si](C)(C)O[Si](C)(C)O[Si](C)(C)C,le15
PhenethylTrichloroSilane,364.15,1,Cl[Si](Cl)(Cl)CCc1ccccc1,le15
PhenylTriethoxySilane,369.15,1,CCO[Si](OCC)(OCC)c1ccccc1,le15
3chloropropylTriethoxySilane,335.15,1,CCO[Si](CCCCl)(OCC)OCC,le15
2bromoethyltrichlorosilane,313.15,1,Cl[Si](Cl)(Cl)CCBr,le15
3bromopropylTrimethoxySilane,355.15,1,CO[Si](CCCBr)(OC)OC,le15
HexaethylDisiloxane,349.15,1,CC[Si](CC)(CC)O[Si](CC)(CC)CC,le15
3methacryloxyPropylTrimethoxySilane,365.15,1,C=C(C)C(=O)OCCC[Si](OC)(OC)OC,le15
3bromopropyltrichlorosilane,361.15,1,Cl[Si](Cl)(Cl)CCCBr,le15
TrisTrimethylSiloxyMethylSilane,336.15,1,C[Si](C)(C)OC([SiH3])(O[Si](C)(C)C)O[Si](C)(C)C,le15
OctamethylCyclotetrasilazane,339.15,1,C[Si]1(C)N[Si](C)(C)N[Si](C)(C)N[Si](C)(C)N1,le15
OctamethylCyclotetrasiloxane,330.15,1,C[Si]1(C)O[Si](C)(C)O[Si](C)(C)O[Si](C)(C)O1,le15
PropylTrisdimethylsiloxySilane,323.15,1,CCC[Si](O[SiH](C)C)(O[SiH](C)C)O[SiH](C)C,le15
DecamethylTetraSiloxane,335.15,1,C[Si](C)(C)O[Si](C)(C)O[Si](C)(C)O[Si](C)(C)C,le15
"1,2dibromoethyltrichlorosilane",338.15,1,Cl[Si](Cl)(Cl)C(Br)CBr,le15
TetrakisDimethylsiloxySilane,340.15,1,C[SiH](C)O[Si](O[SiH](C)C)(O[SiH](C)C)O[SiH](C)C,le15
1chlorononamethylTetrasiloxane,347.15,1,C[Si](C)(C)O[Si](C)(C)O[Si](C)(C)O[Si](C)(C)Cl,le15
DecamethylCyclopentasiloxane,350.15,1,C[Si]1(C)O[Si](C)(C)O[Si](C)(C)O[Si](C)(C)O[Si](C)(C)O1,le15
DodecamethylPentasiloxane,352.15,1,C[Si](C)(C)O[Si](C)(C)O[Si](C)(C)O[Si](C)(C)O[Si](C)(C)C,le15
DodecamethylCyclohexasiloxane,366.15,1,C[Si]1(C)O[Si](C)(C)O[Si](C)(C)O[Si](C)(C)O[Si](C)(C)O[Si](C)(C)O1,le15
Methyltrichlorosilane,276.15,1,C[Si](Cl)(Cl)Cl,wang11
Vinyltrichlorosilane,294.15,1,C=C[Si](Cl)(Cl)Cl,wang11
Dichloromethylmethyldichlorosilane,301.15,1,C[Si](Cl)(Cl)C(Cl)Cl,wang11
Ethyltrichlorosilane,263.15,1,CC[Si](Cl)(Cl)Cl,wang11
Dimethylchlorosilane,245.15,1,C[SiH](C)Cl,wang11
Ethylsilane,213.15,1,CC[SiH3],wang11
"1,1,1-Trifluoropropyltrichlorosilane",288.15,1,CC(C(F)(F)F)[Si](Cl)(Cl)Cl,wang11
Allyltrichlorosilane,304.15,1,C=CC[Si](Cl)(Cl)Cl,wang11
Methylvinyldichlorosilane,272.15,1,CC=C[SiH](Cl)Cl,wang11
3-Chloropropyltrichlorosilane,357.15,1,ClCCC[Si](Cl)(Cl)Cl,wang11
n-Propyltrichlorosilane,310.15,1,CCC[Si](Cl)(Cl)Cl,wang11
Chloromethyldimethylchlorosilane,295.15,1,C[Si](C)(Cl)CCl,wang11
Trimethylbromosilane,270.15,1,C[Si](C)(C)Br,wang11
Trimethylchlorosilane,255.15,1,C[Si](C)(C)Cl,wang11
Trimethylfluorosilane,238.15,1,C[Si](C)(C)F,wang11
Trimethoxysilane,264.15,1,CO[SiH](OC)OC,wang11
Cyanoethylmethyldichlorosilane,333.15,1,C[Si](Cl)(Cl)CCC#N,wang11
Allylmethyldichlorosilane,300.15,1,C=CCC[SiH](Cl)Cl,wang11
3-Chloropropylmethyldichlorosilane,359.15,1,C[Si](Cl)(Cl)CCCCl,wang11
 t-Butyltrichlorosilane,294.15,1,CC(C)(C)[Si](Cl)(Cl)Cl,wang11
 Isobutyltrichlorosilane,310.15,1,CC(C)C[Si](Cl)(Cl)Cl,wang11
 n-Butyltrichlorosilane,327.15,1,CCCC[Si](Cl)(Cl)Cl,wang11
 Trimethylsilylisothiocyanate,308.15,1,C[Si](C)(C)N=C=S,wang11
 n-Propylmethyldichlorosilane,300.15,1,CCC[Si](C)(Cl)Cl,wang11
 Bromomethyltrimethylsilane,289.15,1,C[Si](C)(C)CBr,wang11
 Ethyldimethylchlorosilane,269.15,1,CC[Si](C)(C)Cl,wang11
 Methoxytrimethylsilane,243.15,1,CO[Si](C)(C)C,wang11
 Dimethyldimethoxysilane,265.15,1,CO[Si](C)(C)OC,wang11
 Methyltrimethoxysilane,284.15,1,CO[Si](C)(OC)OC,wang11
 Tetramethoxysilane,294.15,1,CO[Si](OC)(OC)OC,wang11
 Tetramethylsilane,245.15,1,C[Si](C)(C)C,wang11
 Diethylsilane,253.15,1,CC[SiH2]CC,wang11
" (N,N-Dimethylamino)dimethylsilane",260.15,1,CN(C)[SiH](C)C,wang11
 Tetraisocyanatosilane,323.15,1,O=C=N[Si](N=C=O)(N=C=O)N=C=O,wang11
 Cyclopentyltrichlorosilane,350.15,1,Cl[Si](Cl)(Cl)C1CCCC1,wang11
 Trimethylsilyltrifluoroacetate,273.15,1,C[Si](C)(C)OC(=O)C(F)(F)F,wang11
 Cyclopentyldichlorosilane,316.15,1,Cl[SiH](Cl)C1CCCC1,wang11
3-Chloro-2-methylpropylmethyldichlorosilane,363.15,1,CC(CCl)C[Si](C)(Cl)Cl,wang11
 Methylvinyldimethoxysilane,277.15,1,CC=C[SiH](OC)OC,wang11
 Vinyltrimethoxysilane,296.15,1,C=C[Si](OC)(OC)OC,wang11
 Trimethylvinylsilane,239.15,1,CC(C)=C(C)[SiH3],wang11
 Diethylmethylchlorosilane,288.15,1,CC[Si](C)(Cl)CC,wang11
 Chloromethyldimethylethoxysilane,299.15,1,CCO[Si](C)(C)CCl,wang11
 Ethoxytrimethylsilane,246.15,1,CCO[Si](C)(C)C,wang11
 Ethyltrimethoxysilane,300.15,1,CC[Si](OC)(OC)OC,wang11
" (N,N-Dimethylamino)trimethylsilane",254.15,1,CN(C)[Si](C)(C)C,wang11
 Pentamethyldisiloxane,254.15,1,C[SiH](C)O[Si](C)(C)C,wang11
Phenyldichlorosilane,333.15,1,Cl[SiH](Cl)c1ccccc1,wang11
Phenylsilane,281.15,1,[SiH3]c1ccccc1,wang11
1-Hexenyltrichlorosilane,333.15,1,CCCCC=C[Si](Cl)(Cl)Cl,wang11
Cyclohexyltrichlorosilane,358.15,1,Cl[Si](Cl)(Cl)C1CCCCC1,wang11
Bis(chloromethyl)tetramethyldisiloxane,346.15,1,C[Si](C)(C)O[Si](C)(CCl)CCl,wang11
Propargyloxytrimethylsilane,300.15,1,C#CCO[Si](C)(C)C,wang11
Divinyldimethylsilane,281.15,1,C=C[Si](C)(C)C=C,wang11
n-Hexyltrichlorosilane,358.15,1,CCCCCC[Si](Cl)(Cl)Cl,wang11
Hexyldichlorosilane,337.15,1,CCCCCC[SiH](Cl)Cl,wang11
"1,1-Dimethyl-1-sila-2-oxacyclohexane",287.15,1,C[Si]1(C)CCCCO1,wang11
Acetoxymethyltrimethylsilane,293.15,1,CC(=O)OC[Si](C)(C)C,wang11
Allyltrimethylsilane,280.15,1,C=CC[Si](C)(C)C,wang11
Triethylchlorosilane,303.15,1,CC[Si](Cl)(CC)CC,wang11
t-Butyldimethylchlorosilane,295.15,1,CC(C)(C)[Si](C)(C)Cl,wang11
3-Chloropropylmethyldimethoxysilane,318.15,1,CO[Si](C)(CCCCl)OC,wang11
Trimethyl-n-propoxysilane,283.15,1,CCCO[Si](C)(C)C,wang11
t-Butyldimethylsilanol,318.15,1,CC(C)(C)[Si](C)(C)O,wang11
Dimethyldiethoxysilane,284.15,1,CCO[Si](C)(C)OCC,wang11
Triethylsilane,270.15,1,CC[SiH](CC)CC,wang11
Hexylsilane,285.15,1,CCCCCC[SiH3],wang11
t-Butyldimethylsilane,251.15,1,C[SiH](C)C(C)(C)C,wang11
Bis(dimethylamino)dimethylsilane,266.15,1,CN(C)[Si](C)(C)N(C)C,wang11
Hexamethylcyclotrisiloxane,305.15,1,C[Si]1(C)O[Si](C)(C)O[Si](C)(C)O1,wang11
Hexamethyldisilthiane,299.15,1,C[Si](C)(C)S[Si](C)(C)C,wang11
Hexamethyldisilazane,281.15,1,C[Si](C)(C)N[Si](C)(C)C,wang11
Tris(dimethylamino)silane,298.15,1,CN(C)[SiH](N(C)C)N(C)C,wang11
Hexamethyltrisiloxane,293.15,1,C[Si](C)(C)O[SiH2]O[Si](C)(C)C,wang11
Phenylmethyldichlorosilane,340.15,1,Cl[SiH](Cl)Cc1ccccc1,wang11
Phenylmethylchlorosilane,355.15,1,Cl[SiH2]Cc1ccccc1,wang11
Methyltriacetoxysilane,358.15,1,CC(=O)O[Si](C)(OC(C)=O)OC(C)=O,wang11
Trivinylmethylsilane,288.15,1,C=CC([SiH3])(C=C)C=C,wang11
Cyclohexylmethyldichlorosilane,355.15,1,Cl[SiH](Cl)CC1CCCCC1,wang11
"1-(Trimethylsiloxy)-1,3-butadiene",298.15,1,C=CC=CO[Si](C)(C)C,wang11
2-Chloromethyl-3-trimethylsilyl-1-propene,316.15,1,C=C(CCl)C[Si](C)(C)C,wang11
n-Heptyltrichlorosilane,337.15,1,CCCCCCC[Si](Cl)(Cl)Cl,wang11
n-Hexylmethyldichlorosilane,358.15,1,CCCCCC[Si](C)(Cl)Cl,wang11
Vinylmethyldiethoxysilane,289.15,1,C=CC[SiH](OCC)OCC,wang11
N-(Trimethylsilyl)morpholine,300.15,1,C[Si](C)(C)N1CCOCC1,wang11
t-Butoxytrimethylsilane,287.15,1,CC(C)(C)O[Si](C)(C)C,wang11
Vinylpentamethyldisiloxane,285.15,1,C=C[Si](C)(C)O[Si](C)(C)C,wang11
(1-Methoxy-2-propoxy)trimethylsilane,293.15,1,COCC(C)O[Si](C)(C)C,wang11
Methyltriethoxysilane,297.15,1,CCO[Si](C)(OCC)OCC,wang11
(Diethylamino)trimethylsilane,283.15,1,CCN(CC)[Si](C)(C)C,wang11
Bis(trimethylsilyl)methane,285.15,1,C[Si](C)(C)C[Si](C)(C)C,wang11
Heptamethyldisilazane,300.15,1,CN([Si](C)(C)C)[Si](C)(C)C,wang11
Phenylethyldichlorosilane,365.15,1,Cl[SiH](Cl)CCc1ccccc1,wang11
Tetravinylsilane,291.15,1,C=C[Si](C=C)(C=C)C=C,wang11
Phenyldimethylsilane,311.15,1,C[SiH](C)c1ccccc1,wang11
Cyclopentadienyltrimethylsilane,302.15,1,C[Si](C)(C)C1C=CC=C1,wang11
(Cyclopentenyloxy)trimethylsilane,311.15,1,C[Si](C)(C)OC1=CCCC1,wang11
"(2,4-Pentadienyl)trimethylsilane",291.15,1,C=CC=CC[Si](C)(C)C,wang11
n-Octyltrichlorosilane,369.15,1,CCCCCCCC[Si](Cl)(Cl)Cl,wang11
n-Heptylmethyldichlorosilane,339.15,1,CCCCCCC[Si](C)(Cl)Cl,wang11
Tetramethyldivinyldisiloxane,292.15,1,C=C[Si](C)(C=C)O[Si](C)(C)C,wang11
Triethylacetoxysilane,314.15,1,CCC(CC)(CC)C(=O)O[SiH3],wang11
Vinyltriethoxysilane,307.15,1,C=C[Si](OCC)(OCC)OCC,wang11
"1,3-Divinyltetramethyldisilazane",307.15,1,C=C[Si](C)(C)N[Si](C)(C)C=C,wang11
Diethyldiethoxysilane,316.15,1,CCO[Si](CC)(CC)OCC,wang11
Tetraethoxysilane,323.15,1,CCO[Si](OCC)(OCC)OCC,wang11
Tetraethylsilane,305.15,1,CC[Si](CC)(CC)CC,wang11
Aminoethylaminopropyltrimethoxysilane,369.15,1,CO[Si](CCCNCCN)(OC)OC,wang11
Tetramethyldiethoxysiloxane,311.15,1,CCO[Si]([O])OC(C)(C)C(C)C,wang11
Octamethyltrisiloxane,303.15,1,C[Si](C)(C)O[Si](C)(C)O[Si](C)(C)C,wang11
Octamethylcyclotetrasiloxane,330.15,1,C[Si]1(C)O[Si](C)(C)O[Si](C)(C)O[Si](C)(C)O1,wang11
Octamethylcyclotetrasilazane,339.15,1,C[Si]1(C)N[Si](C)(C)N[Si](C)(C)N[Si](C)(C)N1,wang11
Tetrakisdimethylsiloxysilane,340.15,1,C[SiH](C)O[Si](O[SiH](C)C)(O[SiH](C)C)O[SiH](C)C,wang11
p-Chlorophenyltrimethylsilane,322.15,1,C[Si](C)(C)c1ccc(Cl)cc1,wang11
Phenyltrimethoxysilane,358.15,1,CO[Si](OC)(OC)c1ccccc1,wang11
Trimethylphenylsilane,313.15,1,C[Si](C)(C)c1ccccc1,wang11
Cyclohexylmethyldimethoxysilane,343.15,1,CO[SiH](CC1CCCCC1)OC,wang11
 Hexyltrimethoxysilane,335.15,1,CCCCCC[Si](OC)(OC)OC,wang11
Triisopropylsilane,310.15,1,CC(C)[SiH](C(C)C)C(C)C,wang11
Tri-n-propylsilane,316.15,1,CCC[SiH](CCC)CCC,wang11
 Propyltris(dimethylsiloxy)silane,323.15,1,CCC[Si](O[SiH](C)C)(O[SiH](C)C)O[SiH](C)C,wang11
 Benzyltrimethylsilane,335.15,1,C[Si](C)(C)Cc1ccccc1,wang11
3-Methacryloxypropyltrimethoxysilane,365.15,1,C=C(C)C(=O)OCCC[Si](OC)(OC)OC,wang11
1-Heptynyltrimethylsilane,315.15,1,CCCCCC#C[Si](C)(C)C,wang11
 n-Octyldimethylchlorosilane,370.15,1,CCCCCCCC[Si](C)(C)Cl,wang11
 Bis(diethylamino)dimethylsilane,308.15,1,CCN(CC)[Si](C)(C)N(CC)CC,wang11
 Decamethyltetrasiloxane,335.15,1,C[Si](C)(C)O[Si](C)(C)O[Si](C)(C)O[Si](C)(C)C,wang11
 Decamethylcyclopentasiloxane,350.15,1,C[Si]1(C)O[Si](C)(C)O[Si](C)(C)O[Si](C)(C)O[Si](C)(C)O1,wang11
"2-(3,4-epoxycyclohexyl)ethyltrimethoxysilane",419.15,1,CO[Si](CCC1CCC2OC2C1)(OC)OC,wang11
 n-Decylmethyldichlorosilane,393.15,1,CCCCCCCCCC[Si](C)(Cl)Cl,wang11
 Vinyltriethylsilane,318.15,1,C=C[Si](CC)(CC)CC,wang11
 Diphenyldichlorosilane,415.15,1,Cl[Si](Cl)(c1ccccc1)c1ccccc1,wang11
 Phenyltriethoxysilane,393.15,1,CCO[Si](OCC)(OCC)c1ccccc1,wang11
 Diphenylsilane,371.15,1,c1ccc([SiH2]c2ccccc2)cc1,wang11
 Tetramethyltetravinylcyclotetrasilane,385.15,1,C=C[Si]1(C)[Si](C)(C=C)[Si](C)(C=C)[Si]1(C)C=C,wang11
 n-Dodecyltrichlorosilane,435.15,1,CCCCCCCCCCCC[Si](Cl)(Cl)Cl,wang11
 Tetra-n-propoxysilane,368.15,1,CCCO[Si](OCCC)(OCCC)OCCC,wang11
 Hexaethyldisiloxane,349.15,1,CC[Si](CC)(CC)O[Si](CC)(CC)CC,wang11
 Dodecamethylpentasiloxane,352.15,1,C[Si](C)(C)O[Si](C)(C)O[Si](C)(C)O[Si](C)(C)O[Si](C)(C)C,wang11
 Dodecamethylcyclohexasiloxane,366.15,1,C[Si]1(C)O[Si](C)(C)O[Si](C)(C)O[Si](C)(C)O[Si](C)(C)O[Si](C)(C)O1,wang11
Methyldiphenylchlorosilane,411.15,1,C[Si](Cl)(c1ccccc1)c1ccccc1,wang11
n-Dodecylmethyldichlorosilane,416.15,1,CCCCCCCCCCCC[Si](C)(Cl)Cl,wang11
Diphenyldimethoxysilane,394.15,1,CO[Si](OC)(c1ccccc1)c1ccccc1,wang11
Octyltriethoxysilane,373.15,1,CCCCCCCC[Si](OCC)(OCC)OCC,wang11
Tetradecamethylhexasiloxane,375.15,1,C[Si](C)(C)O[Si](C)(C)O[Si](C)(C)O[Si](C)(C)O[Si](C)(C)O[Si](C)(C)C,wang11
Hexadecamethylheptasiloxane,406.15,1,C[Si](C)(C)O[Si](C)(C)O[Si](C)(C)O[Si](C)(C)O[Si](C)(C)O[Si](C)(C)O[Si](C)(C)C,wang11
Octadecamethyloctasiloxane,417.15,1,C[Si](C)(C)O[Si](C)(C)O[Si](C)(C)O[Si](C)(C)O[Si](C)(C)O[Si](C)(C)O[Si](C)(C)O[Si](C)(C)C,wang11
Vinyltris(methoxyethoxy)silane,353.15,1,C=C[Si](OCCOC)(OCCOC)OCCOC,wang11
Trimethyl(vinyloxy)silane,263.15,1,C=CO[Si](C)(C)C,wang11
Trichloro(3-cyanopropyl) Silane,365.15,1,N#CCCC[Si](Cl)(Cl)Cl,wang11
Trichloro(2-phenylethyl)silane,364.15,1,Cl[Si](Cl)(Cl)CCc1ccccc1,wang11
"Chlorodimethyl(3,3,3-trifluoropropyl) silane",293.15,1,C[Si](C)(Cl)CCC(F)(F)F,wang11
Vinylmethylbis (trimethylsiloxy) silane,324.15,1,C=CC[SiH](O[Si](C)(C)C)O[Si](C)(C)C,wang11
Trichloro(Chloromethyl) silane,342.15,1,ClC[Si](Cl)(Cl)Cl,wang11
Dimethyl(pentafluorophenyl) silane,313.15,1,C[SiH](C)c1c(F)c(F)c(F)c(F)c1F,wang11
Trichloro(p-chlorophenyl)silane,397.05,1,Clc1ccc([Si](Cl)(Cl)Cl)cc1,wang11
Trisilane,273.15,1,[SiH3][SiH2][SiH3],wang11
Trichlorononylsilane,387.15,1,[SiH3]CCCCCCCCC(Cl)(Cl)Cl,wang11
Dichloroethylsilane,263.75,1,[SiH3]CC(Cl)Cl,wang11
Trichloro(dichlorophenyl)silane,419.15,1,Clc1cccc([Si](Cl)(Cl)Cl)c1Cl,wang11
Tris(trimethylsilyl)silane,328.15,1,C[Si](C)(C)[SiH]([Si](C)(C)C)[Si](C)(C)C,wang11
Tris(trimethylsiloxy)silane,323.15,1,C[Si](C)(C)O[SiH](O[Si](C)(C)C)O[Si](C)(C)C,wang11
Hexadecyltrichlorosilane,427.15,1,CCCCCCCCCCCCCCCC[Si](Cl)(Cl)Cl,wang11
Dichlorosilane,236.15,1,Cl[SiH2]Cl,wang11
Methyldichlorosilane,241.15,1,C[SiH](Cl)Cl,wang11
Iodotrimethylsilane,288.15,1,C[Si](C)(C)I,wang11
Dimethyldichlorosilane,257.15,1,C[Si](C)(Cl)Cl,wang11
Bromomethyldimethylchlorosilane,314.15,1,C[Si](C)(Cl)CBr,wang11
Trimethylsilane,204.15,1,C[SiH](C)C,wang11
 Dimethylvinylchlorosilane,268.15,1,CC(C)=C[SiH2]Cl,wang11
"1,3-Dichlorotetramethyldisiloxane",288.15,1,C[Si](C)(Cl)O[Si](C)(C)Cl,wang11
"1,1,3,3-Tetramethyldisiloxane",251.15,1,C[SiH](C)O[SiH](C)C,wang11
 Tetramethyldisilazane,284.15,1,CN([SiH3])[Si](C)(C)C,wang11
 Allyldimethylchlorosilane,278.15,1,C=CC[Si](C)(C)Cl,wang11
 sec-Amyltrichlorosilane,303.15,1,CCCC(C)[Si](Cl)(Cl)Cl,wang11
 n-Butylmethyldichlorosilane,303.15,1,CCCC[Si](C)(Cl)Cl,wang11
 Bis(dimethylamino)methylsilane,270.15,1,CN(C)C([SiH3])N(C)C,wang11
 Phenyltrichlorosilane,364.15,1,Cl[Si](Cl)(Cl)c1ccccc1,wang11
Dimethyldiacetoxysilane,310.15,1,CC(=O)O[Si](C)(C)OC(C)=O,wang11
1-Trimethylsilylpropyne,270.15,1,CC#C[Si](C)(C)C,wang11
Vinyldimethylethoxysilane,277.15,1,C=C[Si](C)(C)OCC,wang11
Allyloxytrimethylsilane,273.15,1,C=CCO[Si](C)(C)C,wang11
Allyltrimethoxysilane,319.15,1,C=CC[Si](OC)(OC)OC,wang11
3-Chloropropyltrimethoxysilane,348.15,1,CO[Si](CCCCl)(OC)OC,wang11
n-Propyltrimethoxysilane,298.15,1,CCC[Si](OC)(OC)OC,wang11
Hexamethyldisiloxane,270.15,1,C[Si](C)(C)O[Si](C)(C)C,wang11
Hexamethyldisilane,272.15,1,C[Si](C)(C)[Si](C)(C)C,wang11
Vinyldiethylmethylsilane,288.15,1,C=C[Si](C)(CC)CC,wang11
Isobutyltrimethoxysilane,315.15,1,CO[Si](CC(C)C)(OC)OC,wang11
Phenyldimethylchlorosilane,334.15,1,C[Si](C)(Cl)c1ccccc1,wang11
"(N,N-Dimethylamino)triethylsilane",299.15,1,CC[Si](CC)(CC)N(C)C,wang11
Vinyltriacetoxysilane,361.15,1,C=C[Si](OC(C)=O)(OC(C)=O)OC(C)=O,wang11
Ethyltriacetoxysilane,377.15,1,CC[Si](OC(C)=O)(OC(C)=O)OC(C)=O,wang11
3-(Trimethylsilyl)cyclopentene,299.15,1,C[Si](C)(C)C1C=CCC1,wang11
Vinyltriethylsilane,298.15,1,C=C[Si](CC)(CC)CC,wang11
n-Octylsilane,309.15,1,CCCCCCCC[SiH3],wang11
Methylphenyldimethoxysilane,349.15,1,CO[Si](C)(OC)c1ccccc1,wang11
2-Cyanoethyltriethoxysilane,359.15,1,CCO[Si](CCC#N)(OCC)OCC,wang11
3-Glycidoxypropyltrimethoxysilane,383.15,1,CO[Si](CCCOCC1CO1)(OC)OC,wang11
 Di-t-butylmethylchlorosilane,342.15,1,CC(C)(C)[Si](C)(Cl)C(C)(C)C,wang11
Tri-n-propylchlorosilane,349.15,1,CCC[Si](Cl)(CCC)CCC,wang11
 (Diisopropylamino)trimethylsilane,301.15,1,CC(C)N(C(C)C)[Si](C)(C)C,wang11
1-Chlorononamethyltetrasiloxane,347.15,1,C[Si](C)(C)O[Si](C)(C)O[Si](C)(C)O[Si](C)(C)Cl,wang11
 Tristrimethylsiloxymethylsilane,336.15,1,C[Si](C)(C)OC([SiH3])(O[Si](C)(C)C)O[Si](C)(C)C,wang11
Diphenylmethylsilane,393.15,1,[SiH3]C(c1ccccc1)c1ccccc1,wang11
Trimethyl[(1-methylethenyl)oxy]silane,272.15,1,C=C(C)O[Si](C)(C)C,wang11
"Dichloromethyl-3,3,3-trifluoropropylsilane",288.15,1,FC(F)(F)CC[SiH2]C(Cl)Cl,wang11
[2-(chloromethoxy)ethyl]trimethylsilane,319.15,1,C[Si](C)(C)CCOCCl,wang11
Triphenylsilane,416.35,1,c1ccc([SiH](c2ccccc2)c2ccccc2)cc1,wang11
Trichlorosilane,245.15,1,Cl[SiH](Cl)Cl,wang11
HEXAMETHYLDISILAZANE,284.15,1,C[Si](C)(C)N[Si](C)(C)C,dippr
HEXAMETHYLDISILOXANE,271.15,1,C[Si](C)(C)O[Si](C)(C)C,dippr
HEXAMETHYLCYCLOTRISILOXANE,308.15,1,O1[Si](C)(C)O[Si](C)(C)O[Si]1(C)(C),dippr
DODECAMETHYLPENTASILOXANE,352.15,1,C[Si](C)(C)O[Si](C)(C)O[Si](C)(C)O[Si](C)(C)O[Si](C)(C)C,dippr
METHYL VINYL DICHLOROSILANE,276.15,1,C=C[Si](C)(Cl)Cl,dippr
[3-(MERCAPTO)PROPYL]TRIETHOXYSILANE,360.93,1,[Si](OCC)(OCC)(OCC)CCCS,dippr
3-(TRIMETHOXYSILYL)-1-PROPANETHIOL,347.0,1,[Si](OC)(OC)(OC)CCCS,dippr
OCTAMETHYLCYCLOTETRASILOXANE,330.15,1,[Si]1(C)(C)O[Si](C)(C)O[Si](C)(C)O[Si](C)(C)O1,dippr
OCTAMETHYLTRISILOXANE,308.15,1,C[Si](C)(C)O[Si](C)(C)O[Si](C)(C)C,dippr
OCTADECAMETHYLOCTASILOXANE,417.15,1,C[Si](C)(C)O[Si](C)(C)O[Si](C)(C)O[Si](C)(C)O[Si](C)(C)O[Si](C)(C)O[Si](C)(C)O[Si](C)(C)C,dippr
TETRAETHYL SILANE,305.15,1,CC[Si](CC)(CC)CC,dippr
HEXADECAMETHYLHEPTASILOXANE,406.15,1,C[Si](C)(C)O[Si](C)(C)O[Si](C)(C)O[Si](C)(C)O[Si](C)(C)O[Si](C)(C)O[Si](C)(C)C,dippr
TETRAETHOXYSILANE,324.82,1,[Si](OCC)(OCC)(OCC)OCC,dippr
gamma-AMINOPROPYLTRIETHOXYSILANE,369.26,1,[Si](OCC)(OCC)(OCC)CCCN,dippr
HEXADECAMETHYLCYCLOOCTASILOXANE,405.0,1,[Si]1(C)(C)O[Si](C)(C)O[Si](C)(C)O[Si](C)(C)O[Si](C)(C)O[Si](C)(C)O[Si](C)(C)O[Si](C)(C)O1,dippr
EICOSAMETHYLNONASILOXANE,432.04,1,C[Si](C)(C)O[Si](C)(C)O[Si](C)(C)O[Si](C)(C)O[Si](C)(C)O[Si](C)(C)O[Si](C)(C)O[Si](C)(C)O[Si](C)(C)(C),dippr
HEXACOSAMETHYLDODECASILOXANE,471.0,1,C[Si](C)(C)O[Si](C)(C)O[Si](C)(C)O[Si](C)(C)O[Si](C)(C)O[Si](C)(C)O[Si](C)(C)O[Si](C)(C)O[Si](C)(C)O[Si](C)(C)O[Si](C)(C)O[Si](C)(C)(C),dippr
METHYL DICHLOROSILANE,241.15,1,C[SiH](Cl)Cl,dippr
METHYL TRICHLOROSILANE,276.15,1,C[Si](Cl)(Cl)Cl,dippr
VINYLTRICHLOROSILANE,283.15,1,C=C[Si](Cl)(Cl)Cl,dippr
METHYL SILICATE,294.15,1,CO[Si](OC)(OC)OC,dippr
"[3-(2,3-EPOXYPROXY)PROPYL]TRIMETHOXYSILANE",408.15,1,CO[Si](OC)(OC)CCCOCC1CO1,dippr
3-CHLOROPROPYLTRICHLOROSILANE,357.15,1,C(Cl)CC[Si](Cl)(Cl)Cl,dippr
METHYLTRIACETOXYSILANE,358.15,1,[Si](C)(OC(=O)C)(OC(=O)C)OC(=O)C,dippr
ETHYLTRIACETOXYSILANE,377.15,1,[Si](CC)(OC(=O)C)(OC(=O)C)OC(=O)C,dippr
(3-GLYCIDOXYPROPYL)METHYLDIETHOXYSILANE,401.15,1,O1CC1COCCC[Si](OCC)(OCC)C,dippr
"(3,3,3-TRIFLUOROPROPYL)METHYLDICHLOROSILANE",307.85,1,FC(CC[Si](Cl)(Cl)C)(F)F,dippr
DIMETHYLCHLOROSILANE,245.15,1,C[SiH](C)(Cl),dippr
TRIMETHYLCHLOROSILANE,245.0,1,C[Si](C)(Cl)C,dippr
DIMETHYLDICHLOROSILANE,264.15,1,C[Si](C)(Cl)Cl,dippr
DECAMETHYLCYCLOPENTASILOXANE,350.15,1,[Si]1(C)(C)O[Si](C)(C)O[Si](C)(C)O[Si](C)(C)O[Si](C)(C)O1,dippr
DODECAMETHYLCYCLOHEXASILOXANE,366.15,1,[Si]1(C)(C)O[Si](C)(C)O[Si](C)(C)O[Si](C)(C)O[Si](C)(C)O[Si](C)(C)O1,dippr
ETHYLTRICHLOROSILANE,288.15,1,CC[Si](Cl)(Cl)Cl,dippr
DICHLORODIETHYLSILANE,297.15,1,CC[Si](Cl)(Cl)CC,dippr
HEXACHLOROSILANE,353.15,1,Cl[Si](Cl)(Cl)[Si](Cl)(Cl)Cl,dippr
VINYLTRIMETHOXYSILANE,296.15,1,C=C[Si](OC)(OC)OC,dippr
TRIMETHOXYSILANE,269.15,1,CO[SiH](OC)OC,dippr
DIMETHYLDIMETHOXYSILANE,263.15,1,CO[Si](C)(C)OC,dippr
PHENYLTRICHLOROSILANE,364.15,1,c1ccccc1([Si](Cl)(Cl)Cl),dippr
PHENYLMETHYLDICHLOROSILANE,353.15,1,c1ccccc1([Si](Cl)(Cl)C),dippr
TETRADECAMETHYLHEXASILOXANE,375.15,1,C[Si](C)(C)O[Si](C)(C)O[Si](C)(C)O[Si](C)(C)O[Si](C)(C)O[Si](C)(C)C,dippr
DECAMETHYLTETRASILOXANE,336.15,1,C[Si](C)(C)O[Si](C)(C)O[Si](C)(C)O[Si](C)(C)C,dippr
